,S&P500 ,S&P500 월간수익률,미국채10년 변화율,S&P500 VIX 변화율,신용거래 변화율,MOVE Index 변화율,실업률 변화율,기대인플레이션 10년 변화율,금가격 변화율
2025-04-30,5569.06 ,-0.76%,-0.05 ,10.86%,-3.38%,10.98%,0.00,-0.13 ,5.29%
2025-03-31,5611.85 ,-5.75%,0.00 ,13.50%,-4.12%,-2.98%,0.10,0.00 ,9.30%
2025-02-28,5954.50 ,-1.42%,-0.33 ,19.48%,-2.04%,13.84%,0.10,-0.06 ,2.12%
2025-01-31,6040.53 ,2.70%,-0.03 ,-5.30%,4.24%,-7.13%,-0.10,0.09 ,6.63%
2024-12-31,5881.63 ,-2.50%,0.40 ,28.42%,0.93%,3.76%,-0.10,0.07 ,-0.71%
2024-11-29,6032.38 ,5.73%,-0.11 ,-41.67%,9.26%,-29.56%,0.10,-0.06 ,-3.67%
2024-10-31,5705.45 ,-0.99%,0.50 ,38.43%,0.27%,42.88%,0.00,0.14 ,4.15%
2024-09-30,5762.48 ,2.02%,-0.12 ,11.53%,2.01%,-12.21%,-0.10,0.04 ,5.24%
2024-08-30,5648.40 ,2.28%,-0.13 ,-8.31%,-1.69%,8.41%,0.00,-0.08 ,2.28%
2024-07-31,5522.30 ,1.13%,-0.37 ,31.51%,0.19%,0.83%,0.10,-0.06 ,5.19%
2024-06-28,5460.48 ,3.47%,-0.10 ,-3.72%,-0.01%,8.17%,0.10,-0.06 ,-0.02%
2024-05-31,5277.51 ,4.80%,-0.18 ,-17.44%,4.38%,-15.19%,0.10,-0.05 ,1.80%
2024-04-30,5035.69 ,-4.16%,0.48 ,20.29%,-1.11%,24.40%,0.00,0.08 ,2.53%
2024-03-28,5254.35 ,3.10%,-0.05 ,-2.91%,5.54%,-20.82%,0.00,0.00 ,9.08%
2024-02-29,5096.27 ,5.17%,0.34 ,-6.62%,5.84%,1.70%,0.20,0.08 ,0.23%
2024-01-31,4845.65 ,1.59%,0.03 ,15.26%,0.17%,-6.40%,-0.10,0.07 ,-1.14%
2023-12-29,4769.83 ,4.42%,-0.45 ,-3.64%,6.04%,-0.61%,0.10,-0.08 ,1.30%
2023-11-30,4567.80 ,8.92%,-0.60 ,-28.78%,4.03%,-9.10%,-0.20,-0.17 ,2.65%
2023-10-31,4193.80 ,-2.20%,0.35 ,3.54%,-6.69%,11.72%,0.10,0.08 ,7.32%
2023-09-29,4288.05 ,-4.87%,0.47 ,29.11%,-1.21%,5.21%,0.10,0.10 ,-4.72%
2023-08-31,4507.66 ,-1.77%,0.15 ,-0.44%,-2.91%,-3.66%,0.20,-0.14 ,-1.27%
2023-07-31,4588.96 ,3.11%,0.12 ,0.29%,4.20%,1.26%,-0.10,0.14 ,2.38%
2023-06-30,4450.38 ,6.47%,0.20 ,-24.25%,5.75%,-18.66%,0.00,0.06 ,-2.21%
2023-05-31,4179.83 ,0.25%,0.23 ,13.69%,1.93%,11.07%,0.20,-0.03 ,-1.37%
2023-04-28,4169.48 ,1.46%,-0.05 ,-15.61%,-2.09%,-9.91%,-0.10,-0.11 ,1.05%
2023-03-31,4109.31 ,3.51%,-0.45 ,-9.66%,3.37%,9.98%,-0.10,-0.06 ,7.79%
2023-02-28,3970.15 ,-2.61%,0.41 ,6.70%,-2.63%,24.17%,0.10,0.13 ,-5.26%
2023-01-31,4076.60 ,6.18%,-0.37 ,-10.48%,5.70%,-18.15%,0.00,-0.05 ,5.72%
2022-12-30,3839.50 ,-5.90%,0.27 ,5.30%,-5.77%,-4.45%,-0.10,-0.07 ,3.14%
2022-11-30,4080.11 ,5.38%,-0.45 ,-20.48%,-0.90%,-13.96%,0.00,-0.14 ,8.26%
2022-10-31,3871.98 ,7.99%,0.23 ,-18.15%,-2.17%,4.25%,0.10,0.36 ,-1.63%
2022-09-30,3585.62 ,-9.34%,0.64 ,22.23%,-3.46%,13.66%,-0.10,-0.33 ,-2.95%
2022-08-31,3955.00 ,-4.24%,0.54 ,21.28%,-1.29%,7.29%,0.10,-0.07 ,-3.11%
2022-07-29,4130.29 ,9.11%,-0.36 ,-25.71%,1.95%,-14.13%,-0.10,0.21 ,-2.29%
2022-06-30,3785.38 ,-8.39%,0.16 ,9.62%,-9.23%,26.49%,0.00,-0.31 ,-1.64%
2022-05-31,4132.15 ,0.01%,-0.08 ,-21.59%,-2.59%,-16.57%,-0.10,-0.29 ,-3.14%
2022-04-29,4131.93 ,-8.80%,0.59 ,62.45%,-3.34%,20.13%,0.00,0.11 ,-2.09%
2022-03-31,4530.41 ,3.58%,0.51 ,-31.81%,-4.26%,6.45%,-0.10,0.21 ,1.49%
2022-02-28,4373.94 ,-3.14%,0.05 ,21.43%,0.68%,17.92%,-0.20,0.14 ,6.22%
2022-01-31,4515.55 ,-5.26%,0.27 ,44.19%,-8.83%,10.43%,0.10,-0.11 ,-1.75%
2021-12-31,4766.18 ,4.36%,0.06 ,-36.67%,-0.93%,-8.26%,-0.30,0.08 ,3.08%
2021-11-30,4567.00 ,-0.83%,-0.11 ,67.22%,-1.84%,11.39%,-0.30,-0.07 ,-0.50%
2021-10-29,4605.38 ,6.91%,0.07 ,-29.73%,3.63%,23.55%,-0.20,0.21 ,1.50%
2021-09-30,4307.54 ,-4.76%,0.18 ,40.41%,-0.92%,2.57%,-0.40,0.04 ,-3.12%
2021-08-31,4522.68 ,2.90%,0.08 ,-9.65%,7.96%,-2.70%,-0.30,-0.06 ,-0.03%
2021-07-30,4395.26 ,2.27%,-0.24 ,15.22%,-4.28%,6.84%,-0.50,0.06 ,2.49%
2021-06-30,4297.50 ,2.22%,-0.12 ,-5.55%,2.38%,10.05%,0.10,-0.11 ,-7.17%
2021-05-29,4204.11 ,0.55%,-0.04 ,-9.94%,1.70%,-10.48%,-0.30,0.04 ,7.79%
2021-04-30,4181.17 ,5.24%,-0.12 ,-4.07%,2.99%,-18.44%,0.00,0.03 ,3.60%
2021-03-31,3972.89 ,4.24%,0.32 ,-30.59%,1.09%,-5.80%,-0.10,0.23 ,-1.52%
2021-02-26,3811.15 ,2.61%,0.36 ,-15.53%,1.89%,59.59%,-0.20,0.05 ,-6.15%
2021-01-29,3714.24 ,-1.11%,0.14 ,45.45%,2.64%,-3.21%,-0.30,0.12 ,-2.67%
2020-12-31,3756.07 ,3.71%,0.07 ,10.60%,7.74%,19.93%,0.00,0.20 ,6.83%
2020-11-30,3621.63 ,10.75%,-0.03 ,-45.90%,9.53%,-34.03%,-0.20,0.08 ,-5.42%
2020-10-30,3269.96 ,-2.77%,0.19 ,44.18%,0.76%,57.89%,-0.90,0.08 ,-0.37%
2020-09-30,3363.00 ,-3.92%,-0.02 ,-0.15%,1.36%,-16.61%,-0.60,-0.17 ,-4.17%
2020-08-31,3500.31 ,7.01%,0.17 ,7.97%,5.17%,12.01%,-1.80,0.25 ,-0.41%
2020-07-31,3271.12 ,5.51%,-0.12 ,-19.62%,4.99%,-22.45%,-0.80,0.22 ,10.94%
2020-06-30,3100.29 ,1.84%,0.00 ,10.61%,5.82%,5.00%,-2.20,0.20 ,2.93%
2020-05-29,3044.31 ,4.53%,0.02 ,-19.44%,5.31%,-3.81%,-1.60,0.07 ,2.60%
2020-04-30,2912.43 ,12.68%,-0.03 ,-36.22%,9.47%,-36.10%,10.40,0.14 ,6.93%
2020-03-31,2584.59 ,-12.51%,-0.48 ,33.48%,-12.08%,-23.53%,0.90,-0.50 ,-0.54%
2020-02-28,2954.22 ,-8.41%,-0.35 ,112.90%,-2.97%,50.27%,-0.10,-0.21 ,-0.22%
2020-01-31,3225.52 ,-0.16%,-0.41 ,36.72%,-3.01%,25.22%,0.00,-0.15 ,4.74%
2019-12-31,3230.78 ,2.86%,0.14 ,9.19%,2.79%,3.02%,0.00,0.15 ,3.64%
2019-11-29,3140.98 ,3.40%,0.09 ,-4.54%,1.60%,-14.13%,0.00,0.08 ,-3.24%
2019-10-31,3037.56 ,2.04%,0.02 ,-18.60%,-0.23%,-14.66%,0.10,0.03 ,2.75%
2019-09-30,2976.74 ,1.72%,0.17 ,-14.44%,-1.59%,-11.15%,-0.10,-0.02 ,-3.15%
2019-08-30,2926.46 ,-1.81%,-0.51 ,17.74%,-6.19%,57.28%,-0.10,-0.21 ,7.54%
2019-07-31,2980.38 ,1.31%,0.01 ,6.90%,0.98%,-21.56%,0.10,0.05 ,0.30%
2019-06-28,2941.76 ,6.89%,-0.12 ,-19.40%,4.84%,-3.09%,0.00,-0.04 ,7.96%
2019-05-31,2752.06 ,-6.58%,-0.37 ,42.61%,-3.39%,46.92%,-0.10,-0.21 ,1.72%
2019-04-30,2945.83 ,3.93%,0.10 ,-4.30%,2.56%,-15.50%,-0.10,0.07 ,-0.68%
2019-03-29,2834.40 ,1.79%,-0.31 ,-7.24%,-1.24%,23.99%,0.00,-0.07 ,-1.59%
2019-02-28,2784.49 ,2.97%,0.09 ,-10.80%,2.25%,-5.21%,-0.20,0.08 ,-0.60%
2019-01-31,2704.10 ,7.87%,-0.05 ,-34.82%,2.55%,-25.19%,0.10,0.15 ,3.02%
2018-12-31,2506.85 ,-9.18%,-0.31 ,40.68%,-6.46%,26.99%,0.10,-0.25 ,5.08%
2018-11-30,2760.17 ,1.79%,-0.15 ,-14.88%,-2.48%,-12.80%,0.00,-0.09 ,0.47%
2018-10-31,2711.74 ,-6.94%,0.08 ,75.17%,-6.25%,30.25%,0.10,-0.08 ,2.01%
2018-09-28,2913.98 ,0.43%,0.20 ,-5.75%,-0.65%,-8.97%,-0.10,0.05 ,-0.86%
2018-08-31,2901.52 ,3.03%,-0.10 ,0.23%,-0.06%,9.04%,0.00,-0.04 ,-1.88%
2018-07-31,2816.29 ,3.60%,0.10 ,-20.26%,0.91%,-9.12%,-0.20,0.00 ,-2.27%
2018-06-29,2718.37 ,0.48%,0.00 ,4.28%,-3.29%,-15.49%,0.20,0.04 ,-3.54%
2018-05-31,2705.27 ,2.16%,-0.09 ,-3.14%,2.55%,20.23%,-0.20,-0.09 ,-1.28%
2018-04-30,2648.05 ,0.27%,0.21 ,-20.23%,1.10%,-13.98%,0.00,0.12 ,-0.76%
2018-03-29,2640.87 ,-2.69%,-0.12 ,0.60%,0.03%,-7.04%,-0.10,-0.06 ,0.54%
2018-02-28,2713.83 ,-3.89%,0.16 ,46.60%,-3.10%,10.10%,0.10,0.01 ,-1.99%
2018-01-31,2823.81 ,5.62%,0.30 ,22.64%,3.57%,22.75%,-0.10,0.13 ,3.25%
2017-12-29,2673.61 ,0.98%,0.00 ,-2.13%,2.45%,-0.49%,-0.10,0.10 ,2.18%
2017-11-30,2647.58 ,2.81%,0.04 ,10.81%,3.22%,-8.45%,0.00,0.00 ,0.28%
2017-10-31,2575.26 ,2.22%,0.04 ,7.05%,0.25%,-3.27%,-0.10,0.03 ,-0.65%
2017-09-29,2519.36 ,1.93%,0.21 ,-10.20%,1.64%,3.41%,-0.10,0.08 ,-3.15%
2017-08-31,2471.65 ,0.05%,-0.18 ,3.22%,0.36%,6.22%,0.10,-0.05 ,4.10%
2017-07-31,2470.30 ,1.93%,0.00 ,-8.23%,1.74%,-12.83%,0.00,0.08 ,2.24%
2017-06-30,2423.41 ,0.48%,0.09 ,7.40%,0.26%,2.35%,-0.10,-0.10 ,-2.15%
2017-05-31,2411.80 ,1.16%,-0.08 ,-3.79%,-1.36%,-10.37%,0.00,-0.08 ,0.05%
2017-04-28,2384.20 ,0.91%,-0.11 ,-12.53%,2.27%,-0.83%,0.00,-0.06 ,1.53%
2017-03-31,2362.72 ,-0.04%,-0.01 ,-4.26%,1.59%,-14.86%,-0.20,-0.03 ,0.06%
2017-02-28,2363.64 ,3.72%,-0.06 ,7.76%,2.72%,-1.68%,-0.10,-0.05 ,3.12%
2017-01-31,2278.87 ,1.79%,0.01 ,-14.60%,4.57%,1.24%,0.00,0.09 ,5.51%
2016-12-30,2238.83 ,1.82%,0.06 ,5.33%,-1.96%,-11.52%,0.00,0.00 ,-2.19%
2016-11-30,2198.81 ,3.42%,0.56 ,-21.86%,3.10%,23.66%,-0.20,0.24 ,-8.14%
2016-10-31,2126.15 ,-1.94%,0.23 ,28.37%,-3.12%,8.11%,-0.10,0.12 ,-2.94%
2016-09-30,2168.27 ,-0.12%,0.02 ,-0.97%,5.97%,-12.34%,0.10,0.14 ,0.53%
2016-08-31,2170.95 ,-0.12%,0.13 ,13.06%,-0.60%,7.69%,0.10,-0.02 ,-3.13%
2016-07-29,2173.60 ,3.56%,-0.02 ,-24.06%,5.25%,-11.69%,-0.10,0.05 ,2.22%
2016-06-30,2098.86 ,0.09%,-0.37 ,10.15%,-0.46%,6.96%,0.10,-0.14 ,8.77%
2016-05-31,2096.96 ,1.53%,0.01 ,-9.62%,-1.07%,4.61%,-0.30,-0.13 ,-6.05%
2016-04-29,2065.30 ,0.27%,0.06 ,12.54%,2.33%,-5.64%,0.10,0.08 ,4.93%
2016-03-31,2059.74 ,6.60%,0.03 ,-32.12%,2.06%,-17.49%,0.10,0.20 ,-0.48%
2016-02-29,1932.23 ,-0.41%,-0.19 ,1.73%,-2.68%,12.68%,0.10,0.02 ,10.77%
2016-01-29,1940.24 ,-5.07%,-0.35 ,10.93%,-3.23%,9.07%,-0.20,-0.17 ,5.38%
2015-12-31,2043.94 ,-1.75%,0.06 ,12.90%,-2.32%,-2.93%,-0.10,-0.04 ,-0.34%
2015-11-30,2080.41 ,0.05%,0.06 ,7.03%,0.29%,-4.36%,0.10,0.09 ,-6.77%
2015-10-30,2079.36 ,8.30%,0.10 ,-38.49%,3.35%,-10.40%,0.00,0.10 ,2.42%
2015-09-30,1920.03 ,-2.64%,-0.18 ,-13.82%,-3.62%,-7.03%,-0.10,-0.21 ,-1.75%
2015-08-31,1972.18 ,-6.26%,0.03 ,134.57%,-2.79%,15.82%,-0.10,-0.11 ,3.57%
2015-07-31,2103.84 ,1.97%,-0.17 ,-33.52%,-3.14%,-17.89%,-0.10,-0.15 ,-6.53%
2015-06-30,2063.11 ,-2.10%,0.23 ,31.72%,1.16%,11.56%,-0.30,0.06 ,-1.53%
2015-05-29,2107.39 ,1.05%,0.09 ,-4.88%,-1.51%,9.84%,0.20,-0.10 ,0.52%
2015-04-30,2085.51 ,0.85%,0.11 ,-4.84%,6.16%,-12.55%,0.00,0.15 ,0.07%
2015-03-31,2067.89 ,-1.74%,-0.07 ,14.62%,2.60%,-5.78%,-0.10,-0.06 ,-2.44%
2015-02-27,2104.50 ,5.49%,0.35 ,-36.39%,3.92%,3.53%,-0.20,0.19 ,-5.50%
2015-01-30,1994.99 ,-3.10%,-0.52 ,9.22%,-1.99%,28.05%,0.10,-0.04 ,8.39%
2014-12-31,2058.90 ,-0.42%,0.00 ,44.04%,-0.12%,3.55%,-0.20,-0.12 ,1.46%
2014-11-28,2067.56 ,2.45%,-0.16 ,-4.99%,0.70%,-3.08%,0.10,-0.13 ,-0.47%
2014-10-31,2018.05 ,2.32%,-0.17 ,-13.98%,-2.19%,6.99%,-0.20,-0.04 ,-2.91%
2014-09-30,1972.29 ,-1.55%,0.15 ,36.14%,0.58%,6.14%,-0.20,-0.16 ,-6.15%
2014-08-29,2003.37 ,3.77%,-0.22 ,-29.32%,0.47%,7.14%,-0.10,-0.14 ,0.37%
2014-07-31,1930.67 ,-1.51%,0.03 ,46.50%,-0.72%,7.06%,0.10,0.02 ,-3.37%
2014-06-30,1960.23 ,1.91%,0.06 ,1.49%,5.66%,-9.53%,-0.20,0.03 ,6.21%
2014-05-30,1923.57 ,2.10%,-0.17 ,-14.99%,0.04%,-1.00%,0.10,0.03 ,-3.25%
2014-04-30,1883.95 ,0.62%,-0.07 ,-3.39%,-2.61%,-4.74%,-0.50,0.05 ,0.59%
2014-03-31,1872.34 ,0.69%,0.07 ,-0.86%,-2.82%,7.20%,0.00,-0.04 ,-3.20%
2014-02-28,1859.45 ,4.31%,0.00 ,-23.95%,2.98%,-10.91%,0.10,0.05 ,6.58%
2014-01-31,1782.59 ,-3.56%,-0.39 ,34.18%,1.89%,-11.99%,-0.10,-0.10 ,3.57%
2013-12-31,1848.36 ,2.36%,0.29 ,0.15%,4.85%,8.21%,-0.20,0.08 ,-4.13%
2013-11-29,1805.81 ,2.80%,0.19 ,-0.36%,2.55%,10.19%,-0.30,-0.01 ,-5.27%
2013-10-31,1756.54 ,4.46%,-0.05 ,-17.17%,2.81%,-23.05%,0.00,-0.03 ,-0.45%
2013-09-30,1681.55 ,2.97%,-0.18 ,-2.41%,4.44%,-22.57%,0.00,0.09 ,-4.75%
2013-08-30,1632.97 ,-3.13%,0.21 ,26.47%,0.57%,25.34%,-0.10,-0.10 ,5.30%
2013-07-31,1685.73 ,4.95%,0.10 ,-20.23%,1.08%,-17.20%,-0.20,0.21 ,7.33%
2013-06-28,1606.28 ,-1.50%,0.35 ,3.44%,1.51%,24.72%,0.00,-0.20 ,-11.04%
2013-05-31,1630.74 ,2.08%,0.45 ,20.56%,-1.73%,62.43%,-0.10,-0.15 ,-6.02%
2013-04-30,1597.57 ,1.81%,-0.18 ,6.46%,1.17%,-14.09%,0.10,-0.17 ,-7.56%
2013-03-28,1569.19 ,3.60%,-0.03 ,-18.12%,3.48%,2.54%,-0.20,-0.02 ,1.13%
2013-02-28,1514.68 ,1.11%,-0.11 ,8.61%,0.57%,-14.79%,-0.30,-0.02 ,-5.05%
2013-01-31,1498.11 ,5.04%,0.23 ,-20.75%,9.33%,10.44%,0.10,0.11 ,-0.70%
2012-12-31,1426.19 ,0.71%,0.14 ,13.55%,1.02%,14.67%,0.20,0.03 ,-2.31%
2012-11-30,1416.18 ,0.28%,-0.08 ,-14.68%,2.66%,-27.45%,-0.10,-0.07 ,-0.33%
2012-10-31,1412.16 ,-1.98%,0.06 ,18.25%,0.93%,18.02%,0.00,0.07 ,-2.91%
2012-09-28,1440.67 ,2.42%,0.08 ,-9.96%,5.86%,-11.94%,-0.30,0.16 ,4.75%
2012-08-31,1406.58 ,1.98%,0.09 ,-7.71%,2.19%,-1.58%,-0.10,0.08 ,4.79%
2012-07-31,1379.32 ,1.26%,-0.18 ,10.83%,-2.31%,-4.64%,0.00,0.08 ,1.07%
2012-06-29,1362.16 ,3.96%,0.09 ,-29.01%,1.84%,-1.61%,0.00,0.01 ,2.37%
2012-05-31,1310.33 ,-6.27%,-0.35 ,40.29%,-5.97%,18.28%,0.00,-0.17 ,-6.26%
2012-04-30,1397.91 ,-0.75%,-0.30 ,10.65%,1.31%,-19.97%,0.00,-0.08 ,-0.20%
2012-03-30,1408.47 ,3.13%,0.24 ,-15.90%,2.41%,3.56%,-0.10,0.07 ,-1.69%
2012-02-29,1365.68 ,4.06%,0.12 ,-5.20%,4.25%,5.27%,0.00,0.17 ,-2.36%
2012-01-31,1312.41 ,4.36%,-0.03 ,-16.92%,2.73%,-20.86%,-0.20,0.15 ,11.05%
2011-12-30,1257.61 ,0.85%,-0.19 ,-15.83%,-0.76%,-8.63%,-0.10,-0.11 ,-10.39%
2011-11-30,1246.96 ,-0.51%,-0.04 ,-7.21%,-4.13%,-7.00%,-0.20,-0.02 ,1.85%
2011-10-31,1253.30 ,10.77%,0.19 ,-30.26%,6.29%,6.56%,-0.20,0.32 ,5.60%
2011-09-30,1131.42 ,-7.18%,-0.31 ,35.86%,-3.43%,2.76%,0.00,-0.32 ,-11.05%
2011-08-31,1218.89 ,-5.68%,-0.57 ,25.23%,-10.36%,11.25%,0.00,-0.36 ,12.20%
2011-07-29,1292.28 ,-2.15%,-0.36 ,52.85%,-0.20%,-1.01%,-0.10,0.05 ,8.46%
2011-06-30,1320.64 ,-1.83%,0.10 ,6.93%,-2.94%,24.34%,0.10,0.14 ,-2.31%
2011-05-31,1345.20 ,-1.35%,-0.23 ,4.75%,-1.43%,-6.90%,-0.10,-0.33 ,-1.79%
2011-04-29,1363.61 ,2.85%,-0.18 ,-16.85%,1.54%,-15.51%,0.10,0.08 ,9.18%
2011-03-31,1325.83 ,-0.10%,0.04 ,-3.32%,1.84%,0.44%,0.00,0.09 ,1.48%
2011-02-28,1327.22 ,3.20%,0.03 ,-6.04%,6.76%,-5.93%,-0.10,0.09 ,5.90%
2011-01-31,1286.12 ,2.26%,0.10 ,10.03%,4.20%,-12.86%,-0.20,0.04 ,-6.24%
2010-12-31,1257.64 ,6.53%,0.49 ,-24.60%,1.40%,8.34%,-0.50,0.17 ,2.54%
2010-11-30,1180.55 ,-0.23%,0.20 ,11.04%,1.95%,2.10%,0.40,-0.04 ,1.97%
2010-10-29,1183.26 ,3.69%,0.10 ,-10.55%,5.16%,17.27%,-0.10,0.33 ,3.89%
2010-09-30,1141.20 ,8.76%,-0.01 ,-9.02%,7.52%,-17.94%,0.00,0.27 ,4.90%
2010-08-31,1049.33 ,-4.74%,-0.40 ,10.85%,0.34%,32.61%,0.10,-0.22 ,5.62%
2010-07-30,1101.60 ,6.88%,0.00 ,-31.96%,1.62%,-12.82%,0.00,-0.08 ,-4.94%
2010-06-30,1030.71 ,-5.39%,-0.39 ,7.70%,-2.00%,-19.98%,-0.20,-0.20 ,2.14%
2010-05-28,1089.41 ,-8.20%,-0.36 ,45.44%,-9.13%,31.11%,-0.30,-0.35 ,3.16%
2010-04-30,1186.69 ,1.48%,-0.17 ,25.36%,6.39%,0.23%,0.00,0.14 ,5.91%
2010-03-31,1169.43 ,5.88%,0.21 ,-9.79%,5.36%,5.05%,0.10,0.10 ,-0.39%
2010-02-26,1104.49 ,2.85%,0.03 ,-20.80%,-1.05%,-5.91%,0.00,-0.16 ,3.37%
2010-01-29,1073.87 ,-3.70%,-0.25 ,13.56%,1.55%,-19.72%,-0.10,-0.09 ,-1.44%
2009-12-31,1115.10 ,1.78%,0.64 ,-11.55%,4.55%,24.85%,0.00,0.29 ,-7.01%
2009-11-30,1095.63 ,5.74%,-0.18 ,-20.14%,-5.43%,-24.14%,-0.10,0.10 ,12.83%
2009-10-30,1036.20 ,-1.98%,0.07 ,19.84%,4.45%,-0.26%,0.20,0.24 ,3.75%
2009-09-30,1057.08 ,3.57%,-0.09 ,-1.54%,7.56%,-12.93%,0.20,0.12 ,5.94%
2009-08-31,1020.63 ,3.36%,-0.08 ,0.35%,3.29%,-5.63%,0.10,-0.12 ,-0.29%
2009-07-31,987.48 ,7.41%,-0.05 ,-1.63%,5.34%,-14.77%,0.00,0.01 ,2.97%
2009-06-30,919.32 ,0.02%,0.07 ,-8.89%,1.28%,-1.75%,0.10,-0.07 ,-5.38%
2009-05-29,919.14 ,5.31%,0.33 ,-20.77%,3.07%,33.17%,0.40,0.37 ,10.24%
2009-04-30,872.81 ,9.39%,0.45 ,-17.31%,1.98%,5.88%,0.30,0.16 ,-3.39%
2009-03-31,797.87 ,8.54%,-0.34 ,-4.77%,2.16%,-29.59%,0.40,0.32 ,-2.44%
2009-02-27,735.09 ,-10.99%,0.16 ,3.37%,-2.61%,2.27%,0.50,-0.10 ,1.56%
2009-01-30,825.88 ,-8.57%,0.62 ,12.10%,-2.46%,-14.26%,0.50,1.01 ,5.19%
2008-12-31,903.25 ,0.78%,-0.69 ,-27.64%,-7.54%,-11.21%,0.50,-0.27 ,7.82%
2008-11-28,896.24 ,-7.48%,-1.04 ,-7.70%,-18.10%,3.28%,0.30,-0.55 ,13.01%
2008-10-31,968.75 ,-16.94%,0.14 ,52.04%,-19.72%,-0.62%,0.40,-0.68 ,-16.89%
2008-09-30,1166.36 ,-9.08%,0.00 ,90.75%,6.44%,102.43%,0.00,-0.56 ,4.79%
2008-08-29,1282.83 ,1.22%,-0.13 ,-9.98%,-5.38%,-21.79%,0.30,-0.16 ,-9.07%
2008-07-31,1267.38 ,-0.99%,-0.02 ,-4.22%,-1.04%,4.52%,0.20,-0.24 ,-1.22%
2008-06-30,1280.00 ,-8.60%,-0.10 ,34.32%,1.55%,-3.23%,0.20,0.02 ,4.39%
2008-05-30,1400.38 ,1.07%,0.33 ,-14.24%,2.80%,9.32%,0.40,0.25 ,1.02%
2008-04-30,1385.59 ,4.75%,0.32 ,-18.82%,-4.90%,-18.14%,-0.10,-0.04 ,-4.29%
2008-03-31,1322.70 ,-0.60%,-0.10 ,-3.50%,-7.34%,-6.25%,0.20,-0.12 ,-5.85%
2008-02-29,1330.63 ,-3.48%,-0.09 ,1.30%,3.14%,0.98%,-0.10,0.12 ,5.16%
2008-01-31,1378.55 ,-6.12%,-0.42 ,16.44%,2.90%,5.71%,0.00,-0.01 ,11.08%
2007-12-31,1468.36 ,-0.86%,0.08 ,-1.62%,-6.40%,10.57%,0.30,-0.03 ,6.40%
2007-11-30,1481.14 ,-4.40%,-0.53 ,23.42%,0.69%,45.82%,0.00,0.01 ,-1.66%
2007-10-31,1549.38 ,1.48%,-0.12 ,2.94%,4.98%,-13.04%,0.00,0.04 ,7.15%
2007-09-28,1526.75 ,3.58%,0.06 ,-23.01%,-0.93%,-6.58%,0.10,0.04 ,10.44%
2007-08-31,1473.99 ,1.29%,-0.21 ,-0.60%,-12.95%,15.15%,-0.10,-0.12 ,1.35%
2007-07-31,1455.28 ,-3.20%,-0.28 ,44.92%,1.95%,24.39%,0.10,0.01 ,2.26%
2007-06-29,1503.35 ,-1.78%,0.14 ,24.37%,6.84%,31.58%,0.20,0.00 ,-1.64%
2007-05-31,1530.62 ,3.25%,0.26 ,-8.23%,11.76%,-1.51%,-0.10,-0.05 ,-2.65%
2007-04-30,1482.37 ,4.33%,-0.02 ,-2.87%,7.66%,-11.93%,0.10,-0.01 ,2.21%
2007-03-30,1420.86 ,1.00%,0.08 ,-5.06%,-1.07%,-2.72%,-0.10,0.06 ,-0.83%
2007-02-28,1406.82 ,-2.18%,-0.30 ,47.98%,3.10%,13.31%,-0.10,-0.05 ,2.47%
2007-01-30,1438.24 ,1.41%,0.17 ,-9.86%,2.71%,-7.78%,0.20,0.13 ,2.59%
2006-12-29,1418.30 ,1.26%,0.24 ,5.96%,2.84%,-2.48%,-0.10,-0.01 ,-1.74%
2006-11-30,1400.63 ,1.65%,-0.14 ,-1.71%,10.16%,12.48%,0.10,0.04 ,6.82%
2006-10-31,1377.94 ,3.15%,-0.03 ,-7.35%,2.27%,-3.49%,-0.10,-0.09 ,1.39%
2006-09-29,1335.85 ,2.46%,-0.10 ,-2.68%,4.97%,5.52%,-0.20,-0.13 ,-4.62%
2006-08-31,1303.82 ,2.13%,-0.25 ,-17.66%,-2.60%,-5.68%,0.00,-0.09 ,-1.48%
2006-07-31,1276.66 ,0.51%,-0.16 ,14.30%,1.80%,-3.21%,0.10,-0.03 ,3.39%
2006-06-30,1270.20 ,0.01%,0.02 ,-20.44%,-1.61%,-2.38%,0.00,-0.06 ,-4.55%
2006-05-31,1270.09 ,-3.09%,0.06 ,41.85%,-3.60%,6.51%,-0.10,-0.01 ,-1.41%
2006-04-28,1310.61 ,1.22%,0.21 ,1.76%,2.23%,-8.16%,0.00,0.16 ,12.13%
2006-03-31,1294.83 ,1.11%,0.30 ,-7.70%,3.91%,20.65%,-0.10,-0.04 ,3.94%
2006-02-28,1280.66 ,0.04%,0.04 ,-4.71%,-2.42%,-22.85%,0.10,0.02 ,-1.29%
2006-01-31,1280.09 ,2.55%,0.12 ,7.29%,4.79%,2.23%,-0.20,0.20 ,10.04%
2005-12-30,1248.29 ,-0.10%,-0.09 ,0.08%,0.49%,-1.92%,-0.10,-0.03 ,4.85%
2005-11-30,1249.48 ,3.52%,-0.07 ,-21.28%,1.27%,-8.22%,0.00,-0.20 ,6.00%
2005-10-31,1207.01 ,-1.77%,0.23 ,28.52%,-1.96%,4.39%,0.00,0.00 ,-0.88%
2005-09-30,1228.81 ,0.69%,0.31 ,-5.40%,5.73%,-1.91%,0.10,0.19 ,7.84%
2005-08-31,1220.33 ,-1.12%,-0.27 ,8.90%,-0.94%,4.55%,-0.10,-0.01 ,1.26%
2005-07-29,1234.18 ,3.60%,0.36 ,-3.90%,4.21%,-1.06%,0.00,0.11 ,-1.31%
2005-06-30,1191.33 ,-0.01%,-0.06 ,-9.41%,2.16%,0.80%,-0.10,-0.10 ,4.37%
2005-05-31,1191.50 ,3.00%,-0.22 ,-13.19%,0.90%,-9.12%,-0.10,-0.23 ,-3.95%
2005-04-29,1156.85 ,-2.01%,-0.27 ,9.20%,-4.16%,-5.90%,0.00,-0.11 ,1.41%
2005-03-31,1180.59 ,-1.91%,0.10 ,16.06%,1.67%,-2.61%,-0.20,0.04 ,-1.68%
2005-02-28,1203.60 ,1.89%,0.25 ,-5.77%,1.38%,13.57%,0.10,0.18 ,3.09%
2005-01-31,1181.27 ,-2.53%,-0.09 ,-3.54%,1.17%,-8.44%,-0.10,-0.10 ,-3.62%
2004-12-31,1211.92 ,3.25%,-0.13 ,0.38%,3.11%,-3.31%,0.00,-0.03 ,-2.77%
2004-11-30,1173.82 ,3.86%,0.33 ,-18.62%,6.57%,-7.14%,-0.10,0.20 ,5.23%
2004-10-29,1130.20 ,1.40%,-0.09 ,21.96%,2.24%,3.83%,0.10,0.05 ,2.46%
2004-09-30,1114.58 ,0.94%,0.00 ,-12.75%,3.11%,-9.52%,0.00,0.02 ,2.05%
2004-08-31,1104.24 ,0.23%,-0.36 ,-0.20%,-0.01%,5.61%,-0.10,-0.11 ,4.81%
2004-07-30,1101.72 ,-3.43%,-0.11 ,6.83%,-3.17%,3.51%,-0.10,-0.07 ,-0.81%
2004-06-30,1140.84 ,1.80%,-0.06 ,-7.48%,0.08%,-11.51%,0.00,-0.13 ,-0.33%
2004-05-28,1120.68 ,1.21%,0.14 ,-9.83%,-2.48%,-13.67%,0.00,0.25 ,2.28%
2004-04-30,1107.31 ,-1.68%,0.67 ,2.69%,3.83%,16.06%,-0.20,0.05 ,-9.31%
2004-03-31,1126.21 ,-1.64%,-0.14 ,15.05%,0.53%,17.51%,0.20,-0.01 ,7.65%
2004-02-27,1144.94 ,1.22%,-0.16 ,-12.51%,0.54%,-22.79%,-0.10,0.06 ,-1.57%
2004-01-30,1131.13 ,1.73%,-0.12 ,-9.18%,4.39%,-0.98%,0.00,0.04 ,-3.13%
2003-12-31,1111.92 ,5.08%,-0.08 ,12.19%,-0.62%,12.39%,-0.10,-0.02 ,4.35%
2003-11-28,1058.20 ,0.71%,0.04 ,1.37%,4.08%,-11.66%,-0.20,-0.07 ,3.62%
2003-10-31,1050.71 ,5.50%,0.35 ,-29.14%,2.47%,1.77%,-0.10,0.39 ,-0.29%
2003-09-30,995.97 ,-1.19%,-0.51 ,21.95%,2.39%,-7.79%,0.00,-0.18 ,2.61%
2003-08-29,1008.01 ,1.79%,0.06 ,-4.41%,-4.14%,-21.33%,-0.10,0.16 ,5.98%
2003-07-31,990.31 ,1.62%,0.87 ,-0.15%,3.65%,55.27%,-0.10,0.28 ,2.30%
2003-06-30,974.50 ,1.13%,0.16 ,0.26%,9.47%,3.80%,0.20,0.06 ,-4.95%
2003-05-30,963.59 ,5.09%,-0.48 ,-8.20%,7.32%,11.81%,0.10,-0.06 ,7.65%
2003-04-30,916.92 ,8.10%,0.04 ,-27.24%,-0.71%,-20.36%,0.10,-0.10 ,0.33%
2003-03-31,848.18 ,0.84%,0.11 ,-1.62%,2.67%,6.39%,0.00,-0.13 ,-3.57%
2003-02-28,841.15 ,-1.70%,-0.27 ,-4.94%,-0.62%,-4.99%,0.10,0.15 ,-4.94%
2003-01-31,855.70 ,-2.74%,0.15 ,8.91%,1.39%,-10.49%,-0.20,0.26 ,5.78%
2002-12-31,879.82 ,-6.03%,-0.40 ,4.07%,-0.02%,-2.85%,0.10,-0.10 ,9.40%
2002-11-29,936.31 ,5.71%,0.32 ,-11.69%,0.60%,-5.85%,0.20,0.16 ,0.13%
2002-10-31,885.76 ,8.64%,0.30 ,-21.54%,1.87%,-7.02%,0.00,0.08 ,-1.79%
2002-09-30,815.28 ,-11.00%,-0.53 ,21.60%,-2.18%,5.84%,0.00,-0.31 ,3.45%
2002-08-30,916.07 ,0.49%,-0.33 ,1.90%,-3.31%,4.04%,-0.10,0.02 ,3.03%
2002-07-31,911.62 ,-7.90%,-0.34 ,26.10%,-6.54%,10.61%,0.00,-0.02 ,-3.47%
2002-06-28,989.81 ,-7.25%,-0.24 ,27.13%,-2.43%,14.44%,0.00,-0.26 ,-3.71%
2002-05-31,1067.14 ,-0.91%,-0.04 ,-8.81%,-0.80%,3.02%,-0.10,0.01 ,5.87%
2002-04-30,1076.92 ,-6.14%,-0.30 ,25.92%,-0.64%,-15.12%,0.20,-0.11 ,1.92%
2002-03-28,1147.39 ,3.67%,0.52 ,-19.41%,3.33%,13.59%,0.00,0.43 ,2.06%
2002-02-28,1106.73 ,-2.08%,-0.15 ,2.37%,-3.71%,-8.54%,0.00,0.05 ,4.95%
2002-01-31,1130.21 ,-1.56%,-0.07 ,-11.39%,0.27%,-16.24%,0.00,0.09 ,1.29%
2001-12-28,1148.08 ,0.76%,0.35 ,-0.17%,0.65%,-1.12%,0.20,0.16 ,1.66%
2001-11-30,1139.45 ,7.52%,0.51 ,-28.96%,4.64%,18.21%,0.20,0.10 ,-1.88%
2001-10-31,1059.78 ,1.81%,-0.35 ,5.10%,-3.52%,1.35%,0.30,-0.21 ,-4.64%
2001-09-28,1040.94 ,-8.17%,-0.24 ,28.13%,-6.72%,23.00%,0.10,-0.09 ,6.87%
2001-08-31,1133.58 ,-6.41%,-0.23 ,15.26%,-2.51%,3.43%,0.30,-0.19 ,2.91%
2001-07-31,1211.23 ,-1.08%,-0.35 ,13.43%,-3.29%,-5.64%,0.10,-0.24 ,-1.55%
2001-06-29,1224.42 ,-2.50%,0.03 ,-15.81%,-1.89%,-8.43%,0.20,-0.15 ,1.88%
2001-05-31,1255.82 ,0.51%,0.04 ,-11.15%,3.94%,-2.97%,-0.10,0.09 ,0.68%
2001-04-30,1249.46 ,7.68%,0.43 ,-11.03%,0.74%,-2.54%,0.10,0.40 ,2.36%
2001-03-30,1160.33 ,-6.42%,0.01 ,1.02%,-12.11%,0.70%,0.10,0.07 ,-3.44%
2001-02-28,1239.94 ,-9.23%,-0.22 ,28.75%,-4.70%,7.52%,0.00,-0.05 ,0.49%
2001-01-31,1366.01 ,3.46%,0.02 ,-17.99%,-0.81%,-1.80%,0.30,0.23 ,-2.35%
2000-12-29,1320.28 ,0.41%,-0.37 ,-9.44%,-11.57%,14.12%,0.00,-0.29 ,0.67%
2000-11-30,1314.95 ,-8.01%,-0.28 ,25.48%,-5.20%,5.52%,0.00,-0.23 ,2.00%
2000-10-31,1429.40 ,-0.49%,-0.05 ,14.88%,-7.12%,5.20%,0.00,0.07 ,-3.32%
2000-09-29,1436.51 ,-5.35%,0.08 ,22.15%,1.90%,4.11%,-0.20,0.10 ,-1.30%
2000-08-31,1517.68 ,6.07%,-0.32 ,-18.80%,0.54%,-8.62%,0.10,-0.29 ,0.22%
2000-07-31,1430.83 ,-1.63%,0.02 ,6.14%,-0.28%,-9.92%,0.00,0.05 ,-4.24%
2000-06-30,1454.60 ,2.39%,-0.25 ,-17.38%,2.96%,-6.29%,0.00,-0.14 ,6.41%
2000-05-31,1420.60 ,-2.19%,0.05 ,-9.73%,-4.41%,-0.70%,0.20,-0.14 ,-0.53%
2000-04-28,1452.43 ,-3.08%,0.20 ,8.67%,-10.41%,-2.46%,-0.20,0.24 ,-1.98%
2000-03-31,1498.58 ,9.67%,-0.40 ,3.17%,5.53%,-0.18%,-0.10,-0.12 ,-4.49%
2000-02-29,1366.42 ,-2.01%,-0.25 ,-6.33%,9.14%,0.36%,0.10,-0.24 ,3.07%
2000-01-31,1394.46 ,-5.09%,0.23 ,1.26%,7.62%,7.45%,0.00,0.25 ,-1.56%
1999-12-31,1469.25 ,5.78%,0.26 ,1.90%,10.84%,19.66%,-0.10,0.07 ,-0.93%
1999-11-30,1388.91 ,1.91%,0.16 ,8.92%,12.38%,-12.22%,0.00,0.13 ,-2.84%
1999-10-29,1362.93 ,6.25%,0.15 ,-12.63%,2.38%,-9.99%,-0.10,0.11 ,0.15%
1999-09-30,1282.71 ,-2.86%,-0.10 ,3.93%,1.13%,-4.13%,0.00,-0.11 ,16.85%
1999-08-31,1320.41 ,-0.63%,0.07 ,-0.77%,-1.00%,1.99%,-0.10,0.05 ,-0.11%
1999-07-30,1328.72 ,-3.20%,0.12 ,16.83%,0.96%,4.82%,0.00,0.10 ,-2.50%
1999-06-30,1372.71 ,5.44%,0.16 ,-16.94%,-1.19%,-2.61%,0.10,0.02 ,-2.90%
1999-05-28,1301.84 ,-2.50%,0.28 ,1.28%,3.05%,23.49%,-0.10,0.28 ,-5.65%
1999-04-30,1335.18 ,3.79%,0.11 ,7.78%,10.90%,-0.38%,0.10,0.15 ,2.32%
1999-03-31,1286.37 ,3.88%,-0.06 ,-16.57%,2.03%,-16.04%,-0.20,-0.09 ,-2.44%
1999-02-26,1238.33 ,-3.23%,0.64 ,6.21%,0.36%,16.38%,0.10,0.53 ,0.31%
1999-01-29,1279.64 ,4.10%,-0.01 ,7.49%,9.18%,-28.04%,-0.10,0.08 ,-0.73%
1998-12-31,1229.23 ,5.64%,-0.06 ,-6.11%,-0.02%,38.88%,0.00,-0.18 ,-1.69%
1998-11-30,1163.63 ,5.91%,0.12 ,-7.27%,7.44%,-27.95%,-0.10,0.00 ,0.22%
1998-10-30,1098.67 ,8.03%,0.20 ,-31.50%,-4.25%,-2.54%,-0.10,0.13 ,-1.48%
1998-09-30,1017.01 ,6.24%,-0.55 ,-7.52%,-7.27%,15.82%,0.10,-0.32 ,7.77%
1998-08-31,957.28 ,-14.58%,-0.53 ,78.55%,-3.17%,85.27%,0.00,1.18 ,-3.81%
1998-07-31,1120.67 ,-1.16%,0.04 ,25.82%,4.29%,-23.73%,0.00,0.00 ,-3.54%
1998-06-30,1133.84 ,3.94%,-0.10 ,-7.55%,2.70%,2.21%,0.10,0.00 ,1.37%
1998-05-29,1090.82 ,-1.88%,-0.12 ,0.66%,2.53%,-7.12%,0.10,0.00 ,-4.47%
1998-04-30,1111.75 ,0.91%,0.02 ,-12.55%,0.04%,-6.32%,-0.40,0.00 ,1.89%
1998-03-31,1101.75 ,4.99%,0.03 ,30.57%,3.69%,3.32%,0.10,0.00 ,0.60%
1998-02-27,1049.34 ,7.04%,0.11 ,-13.60%,6.33%,-15.62%,0.00,0.00 ,-1.09%
1998-01-30,980.28 ,1.02%,-0.24 ,-10.58%,1.03%,8.12%,-0.10,0.00 ,4.64%
1997-12-31,970.43 ,1.57%,-0.13 ,-12.47%,-0.89%,11.63%,0.10,0.00 ,-2.68%
1997-11-28,955.40 ,4.46%,0.04 ,-21.83%,-1.30%,-21.07%,-0.10,0.00 ,-4.64%
1997-10-31,914.62 ,-3.45%,-0.28 ,53.16%,1.92%,21.22%,-0.20,0.00 ,-6.88%
1997-09-30,947.28 ,5.32%,-0.23 ,-7.47%,6.08%,-4.24%,0.10,0.00 ,3.18%
1997-08-29,899.47 ,-5.74%,0.33 ,15.27%,2.74%,5.66%,-0.10,0.00 ,-0.12%
1997-07-31,954.29 ,7.81%,-0.49 ,-0.23%,1.89%,0.14%,-0.10,0.00 ,-2.81%
1997-06-30,885.14 ,4.35%,-0.16 ,12.19%,6.97%,-1.61%,0.10,0.00 ,-3.10%
1997-05-30,848.28 ,5.86%,-0.06 ,-4.34%,8.03%,-9.22%,-0.20,0.00 ,1.52%
1997-04-30,801.34 ,5.84%,-0.18 ,-9.39%,-1.90%,-8.52%,-0.10,0.00 ,-3.35%
1997-03-31,757.12 ,-4.26%,0.34 ,4.93%,0.91%,-0.28%,0.00,0.00 ,-3.36%
,,,,,,,,,
,,,,,,,,,
,,,,,,,,,
,,,,,,,,,
,,,,,,,,,
,,,,,,,,,
,,,,,,,,,
,,,,,,,,,
,,,,,,,,,
,,,,,,,,,
,,,,,,,,,
,,,,,,,,,
,,,,,,,,,
,,,,,,,,,
,,,,,,,,,
,,,,,,,,,
,,,,,,,,,
,,,,,,,,,
,,,,,,,,,
,,,,,,,,,
,,,,,,,,,
,,,,,,,,,
,,,,,,,,,
,,,,,,,,,
,,,,,,,,,
,,,,,,,,,
,,,,,,,,,
,,,,,,,,,
,,,,,,,,,
,,,,,,,,,
,,,,,,,,,
,,,,,,,,,
,,,,,,,,,
,,,,,,,,,
,,,,,,,,,
,,,,,,,,,
,,,,,,,,,
,,,,,,,,,
,,,,,,,,,
,,,,,,,,,
,,,,,,,,,
,,,,,,,,,
,,,,,,,,,
,,,,,,,,,
,,,,,,,,,
,,,,,,,,,
,,,,,,,,,
,,,,,,,,,
,,,,,,,,,
,,,,,,,,,
,,,,,,,,,
,,,,,,,,,
,,,,,,,,,
,,,,,,,,,
,,,,,,,,,
,,,,,,,,,
,,,,,,,,,
,,,,,,,,,
,,,,,,,,,
,,,,,,,,,
,,,,,,,,,
,,,,,,,,,
,,,,,,,,,
,,,,,,,,,
,,,,,,,,,
,,,,,,,,,
,,,,,,,,,
,,,,,,,,,
,,,,,,,,,
,,,,,,,,,
,,,,,,,,,
,,,,,,,,,
,,,,,,,,,
,,,,,,,,,
,,,,,,,,,
,,,,,,,,,
,,,,,,,,,
,,,,,,,,,
,,,,,,,,,
,,,,,,,,,
,,,,,,,,,
,,,,,,,,,
,,,,,,,,,
,,,,,,,,,
,,,,,,,,,
,,,,,,,,,
,,,,,,,,,
,,,,,,,,,
,,,,,,,,,
,,,,,,,,,
,,,,,,,,,
,,,,,,,,,
,,,,,,,,,
,,,,,,,,,
,,,,,,,,,
,,,,,,,,,
,,,,,,,,,
,,,,,,,,,
,,,,,,,,,
,,,,,,,,,
,,,,,,,,,
,,,,,,,,,
,,,,,,,,,
,,,,,,,,,
,,,,,,,,,
,,,,,,,,,
,,,,,,,,,
,,,,,,,,,
,,,,,,,,,
,,,,,,,,,
,,,,,,,,,
,,,,,,,,,
,,,,,,,,,
,,,,,,,,,
,,,,,,,,,
,,,,,,,,,
,,,,,,,,,
,,,,,,,,,
,,,,,,,,,
,,,,,,,,,
,,,,,,,,,
,,,,,,,,,
,,,,,,,,,
,,,,,,,,,
,,,,,,,,,
,,,,,,,,,
,,,,,,,,,
,,,,,,,,,
,,,,,,,,,
,,,,,,,,,
,,,,,,,,,
,,,,,,,,,
,,,,,,,,,
,,,,,,,,,
,,,,,,,,,
,,,,,,,,,
,,,,,,,,,
,,,,,,,,,
,,,,,,,,,
,,,,,,,,,
,,,,,,,,,
,,,,,,,,,
,,,,,,,,,
,,,,,,,,,
,,,,,,,,,
,,,,,,,,,
,,,,,,,,,
,,,,,,,,,
,,,,,,,,,
,,,,,,,,,
,,,,,,,,,
,,,,,,,,,
,,,,,,,,,
,,,,,,,,,
,,,,,,,,,
,,,,,,,,,
,,,,,,,,,
,,,,,,,,,
,,,,,,,,,
,,,,,,,,,
,,,,,,,,,
,,,,,,,,,
,,,,,,,,,
,,,,,,,,,
,,,,,,,,,
,,,,,,,,,
,,,,,,,,,
,,,,,,,,,
,,,,,,,,,
,,,,,,,,,
,,,,,,,,,
,,,,,,,,,
,,,,,,,,,
,,,,,,,,,
,,,,,,,,,
,,,,,,,,,
,,,,,,,,,
,,,,,,,,,
,,,,,,,,,
,,,,,,,,,
,,,,,,,,,
,,,,,,,,,
,,,,,,,,,
,,,,,,,,,
,,,,,,,,,
,,,,,,,,,
,,,,,,,,,
,,,,,,,,,
,,,,,,,,,
,,,,,,,,,
,,,,,,,,,
,,,,,,,,,
,,,,,,,,,
,,,,,,,,,
,,,,,,,,,
,,,,,,,,,
,,,,,,,,,
,,,,,,,,,
,,,,,,,,,
,,,,,,,,,
,,,,,,,,,
,,,,,,,,,
,,,,,,,,,
,,,,,,,,,
,,,,,,,,,
,,,,,,,,,
,,,,,,,,,
,,,,,,,,,
,,,,,,,,,
,,,,,,,,,
,,,,,,,,,
,,,,,,,,,
,,,,,,,,,
,,,,,,,,,
,,,,,,,,,
,,,,,,,,,
,,,,,,,,,
,,,,,,,,,
,,,,,,,,,
,,,,,,,,,
,,,,,,,,,
,,,,,,,,,
,,,,,,,,,
,,,,,,,,,
,,,,,,,,,
,,,,,,,,,
,,,,,,,,,
,,,,,,,,,
,,,,,,,,,
,,,,,,,,,
,,,,,,,,,
,,,,,,,,,
,,,,,,,,,
,,,,,,,,,
,,,,,,,,,
,,,,,,,,,
,,,,,,,,,
,,,,,,,,,
,,,,,,,,,
,,,,,,,,,
,,,,,,,,,
,,,,,,,,,
,,,,,,,,,
,,,,,,,,,
,,,,,,,,,
,,,,,,,,,
,,,,,,,,,
,,,,,,,,,
,,,,,,,,,
,,,,,,,,,
,,,,,,,,,
,,,,,,,,,
,,,,,,,,,
,,,,,,,,,
,,,,,,,,,
,,,,,,,,,
,,,,,,,,,
,,,,,,,,,
,,,,,,,,,
,,,,,,,,,
,,,,,,,,,
,,,,,,,,,
,,,,,,,,,
,,,,,,,,,
,,,,,,,,,
,,,,,,,,,
,,,,,,,,,
,,,,,,,,,
,,,,,,,,,
,,,,,,,,,
,,,,,,,,,
,,,,,,,,,
,,,,,,,,,
,,,,,,,,,
,,,,,,,,,
,,,,,,,,,
,,,,,,,,,
,,,,,,,,,
,,,,,,,,,
,,,,,,,,,
,,,,,,,,,
,,,,,,,,,
,,,,,,,,,
,,,,,,,,,
,,,,,,,,,
,,,,,,,,,
,,,,,,,,,
,,,,,,,,,
,,,,,,,,,
,,,,,,,,,
,,,,,,,,,
,,,,,,,,,
,,,,,,,,,
,,,,,,,,,
,,,,,,,,,
,,,,,,,,,
,,,,,,,,,
,,,,,,,,,
,,,,,,,,,
,,,,,,,,,
,,,,,,,,,
,,,,,,,,,
,,,,,,,,,
,,,,,,,,,
,,,,,,,,,
,,,,,,,,,
,,,,,,,,,
,,,,,,,,,
,,,,,,,,,
,,,,,,,,,
,,,,,,,,,
,,,,,,,,,
,,,,,,,,,
,,,,,,,,,
,,,,,,,,,
,,,,,,,,,
,,,,,,,,,
,,,,,,,,,
,,,,,,,,,
,,,,,,,,,
,,,,,,,,,
,,,,,,,,,
,,,,,,,,,
,,,,,,,,,
,,,,,,,,,
,,,,,,,,,
,,,,,,,,,
,,,,,,,,,
,,,,,,,,,
,,,,,,,,,
,,,,,,,,,
,,,,,,,,,
,,,,,,,,,
,,,,,,,,,
,,,,,,,,,
,,,,,,,,,
,,,,,,,,,
,,,,,,,,,
,,,,,,,,,
,,,,,,,,,
,,,,,,,,,
,,,,,,,,,
,,,,,,,,,
,,,,,,,,,
,,,,,,,,,
,,,,,,,,,
,,,,,,,,,
,,,,,,,,,
,,,,,,,,,
,,,,,,,,,
,,,,,,,,,
,,,,,,,,,
,,,,,,,,,
,,,,,,,,,
,,,,,,,,,
,,,,,,,,,
,,,,,,,,,
,,,,,,,,,
,,,,,,,,,
,,,,,,,,,
,,,,,,,,,
,,,,,,,,,
,,,,,,,,,
,,,,,,,,,
,,,,,,,,,
,,,,,,,,,
,,,,,,,,,
,,,,,,,,,
,,,,,,,,,
,,,,,,,,,
,,,,,,,,,
,,,,,,,,,
,,,,,,,,,
,,,,,,,,,
,,,,,,,,,
,,,,,,,,,
,,,,,,,,,
,,,,,,,,,
,,,,,,,,,
,,,,,,,,,
,,,,,,,,,
,,,,,,,,,
,,,,,,,,,
,,,,,,,,,
,,,,,,,,,
,,,,,,,,,
,,,,,,,,,
,,,,,,,,,
,,,,,,,,,
,,,,,,,,,
,,,,,,,,,
,,,,,,,,,
,,,,,,,,,
,,,,,,,,,
,,,,,,,,,
,,,,,,,,,
,,,,,,,,,
,,,,,,,,,
,,,,,,,,,
,,,,,,,,,
,,,,,,,,,
,,,,,,,,,
,,,,,,,,,
,,,,,,,,,
,,,,,,,,,
,,,,,,,,,
,,,,,,,,,
,,,,,,,,,
,,,,,,,,,
,,,,,,,,,
,,,,,,,,,
,,,,,,,,,
,,,,,,,,,
,,,,,,,,,
,,,,,,,,,
,,,,,,,,,
,,,,,,,,,
,,,,,,,,,
,,,,,,,,,
,,,,,,,,,
,,,,,,,,,
,,,,,,,,,
,,,,,,,,,
,,,,,,,,,
,,,,,,,,,
,,,,,,,,,
,,,,,,,,,
,,,,,,,,,
,,,,,,,,,
,,,,,,,,,
,,,,,,,,,
,,,,,,,,,
,,,,,,,,,
,,,,,,,,,
,,,,,,,,,
,,,,,,,,,
,,,,,,,,,
,,,,,,,,,
,,,,,,,,,
,,,,,,,,,
,,,,,,,,,
,,,,,,,,,
,,,,,,,,,
,,,,,,,,,
,,,,,,,,,
,,,,,,,,,
,,,,,,,,,
,,,,,,,,,
,,,,,,,,,
,,,,,,,,,
,,,,,,,,,
,,,,,,,,,
,,,,,,,,,
,,,,,,,,,
,,,,,,,,,
,,,,,,,,,
,,,,,,,,,
,,,,,,,,,
,,,,,,,,,
,,,,,,,,,
,,,,,,,,,
,,,,,,,,,
,,,,,,,,,
,,,,,,,,,
,,,,,,,,,
,,,,,,,,,
,,,,,,,,,
,,,,,,,,,
,,,,,,,,,
,,,,,,,,,
,,,,,,,,,
,,,,,,,,,
,,,,,,,,,
,,,,,,,,,
,,,,,,,,,
,,,,,,,,,
,,,,,,,,,
,,,,,,,,,
,,,,,,,,,
,,,,,,,,,
,,,,,,,,,
,,,,,,,,,
,,,,,,,,,
,,,,,,,,,
,,,,,,,,,
,,,,,,,,,
,,,,,,,,,
,,,,,,,,,
,,,,,,,,,
,,,,,,,,,
,,,,,,,,,
,,,,,,,,,
,,,,,,,,,
,,,,,,,,,
,,,,,,,,,
,,,,,,,,,
,,,,,,,,,
,,,,,,,,,
,,,,,,,,,
,,,,,,,,,
,,,,,,,,,
,,,,,,,,,
,,,,,,,,,
,,,,,,,,,
,,,,,,,,,
,,,,,,,,,
,,,,,,,,,
,,,,,,,,,
,,,,,,,,,
,,,,,,,,,
,,,,,,,,,
,,,,,,,,,
,,,,,,,,,
,,,,,,,,,
,,,,,,,,,
,,,,,,,,,
,,,,,,,,,
,,,,,,,,,
,,,,,,,,,
,,,,,,,,,
,,,,,,,,,
,,,,,,,,,
,,,,,,,,,
,,,,,,,,,
,,,,,,,,,
,,,,,,,,,
,,,,,,,,,
,,,,,,,,,
,,,,,,,,,
,,,,,,,,,
,,,,,,,,,
,,,,,,,,,
,,,,,,,,,
,,,,,,,,,
,,,,,,,,,
,,,,,,,,,
,,,,,,,,,
,,,,,,,,,
,,,,,,,,,
,,,,,,,,,
,,,,,,,,,
,,,,,,,,,
,,,,,,,,,
,,,,,,,,,
,,,,,,,,,
,,,,,,,,,
,,,,,,,,,
,,,,,,,,,
,,,,,,,,,
,,,,,,,,,
,,,,,,,,,
,,,,,,,,,
,,,,,,,,,
,,,,,,,,,
,,,,,,,,,
,,,,,,,,,
,,,,,,,,,
,,,,,,,,,
,,,,,,,,,
,,,,,,,,,
,,,,,,,,,
,,,,,,,,,
,,,,,,,,,
,,,,,,,,,
,,,,,,,,,
,,,,,,,,,
,,,,,,,,,
,,,,,,,,,
,,,,,,,,,
,,,,,,,,,
,,,,,,,,,
,,,,,,,,,
,,,,,,,,,
,,,,,,,,,
,,,,,,,,,
,,,,,,,,,
,,,,,,,,,
,,,,,,,,,
,,,,,,,,,
,,,,,,,,,
,,,,,,,,,
,,,,,,,,,
,,,,,,,,,
,,,,,,,,,
,,,,,,,,,
,,,,,,,,,
,,,,,,,,,
,,,,,,,,,
,,,,,,,,,
,,,,,,,,,
,,,,,,,,,
,,,,,,,,,
,,,,,,,,,
,,,,,,,,,
,,,,,,,,,
,,,,,,,,,
,,,,,,,,,
,,,,,,,,,
,,,,,,,,,
,,,,,,,,,
,,,,,,,,,
,,,,,,,,,
,,,,,,,,,
,,,,,,,,,
,,,,,,,,,
,,,,,,,,,
,,,,,,,,,
,,,,,,,,,
,,,,,,,,,
,,,,,,,,,
,,,,,,,,,
,,,,,,,,,
,,,,,,,,,
,,,,,,,,,
,,,,,,,,,
,,,,,,,,,
,,,,,,,,,
,,,,,,,,,
,,,,,,,,,
,,,,,,,,,
,,,,,,,,,
,,,,,,,,,
,,,,,,,,,
,,,,,,,,,
,,,,,,,,,
,,,,,,,,,
,,,,,,,,,
,,,,,,,,,
,,,,,,,,,
,,,,,,,,,
,,,,,,,,,
,,,,,,,,,
,,,,,,,,,
,,,,,,,,,
,,,,,,,,,
,,,,,,,,,
,,,,,,,,,
,,,,,,,,,
,,,,,,,,,
,,,,,,,,,
,,,,,,,,,
,,,,,,,,,
,,,,,,,,,
,,,,,,,,,
,,,,,,,,,
,,,,,,,,,
,,,,,,,,,
,,,,,,,,,
,,,,,,,,,
,,,,,,,,,
,,,,,,,,,
,,,,,,,,,
,,,,,,,,,
,,,,,,,,,
,,,,,,,,,
,,,,,,,,,
,,,,,,,,,
,,,,,,,,,
,,,,,,,,,
,,,,,,,,,
,,,,,,,,,
,,,,,,,,,
,,,,,,,,,
,,,,,,,,,
,,,,,,,,,
,,,,,,,,,
,,,,,,,,,
,,,,,,,,,
,,,,,,,,,
,,,,,,,,,
,,,,,,,,,
,,,,,,,,,
,,,,,,,,,
,,,,,,,,,
,,,,,,,,,
,,,,,,,,,
,,,,,,,,,
,,,,,,,,,
,,,,,,,,,
,,,,,,,,,
,,,,,,,,,
,,,,,,,,,
,,,,,,,,,
,,,,,,,,,
,,,,,,,,,
,,,,,,,,,
,,,,,,,,,
,,,,,,,,,
,,,,,,,,,
,,,,,,,,,
,,,,,,,,,
,,,,,,,,,
,,,,,,,,,
,,,,,,,,,
,,,,,,,,,
,,,,,,,,,
,,,,,,,,,
,,,,,,,,,
,,,,,,,,,
,,,,,,,,,
,,,,,,,,,
,,,,,,,,,
,,,,,,,,,
,,,,,,,,,
,,,,,,,,,
,,,,,,,,,
,,,,,,,,,
,,,,,,,,,
,,,,,,,,,
,,,,,,,,,
,,,,,,,,,
,,,,,,,,,
,,,,,,,,,
,,,,,,,,,
,,,,,,,,,
,,,,,,,,,
,,,,,,,,,
,,,,,,,,,
,,,,,,,,,
,,,,,,,,,
,,,,,,,,,
,,,,,,,,,
,,,,,,,,,
,,,,,,,,,
,,,,,,,,,
,,,,,,,,,
,,,,,,,,,
,,,,,,,,,
,,,,,,,,,
,,,,,,,,,
,,,,,,,,,
,,,,,,,,,
,,,,,,,,,
,,,,,,,,,
,,,,,,,,,
,,,,,,,,,
,,,,,,,,,
,,,,,,,,,
,,,,,,,,,
,,,,,,,,,
,,,,,,,,,
,,,,,,,,,
,,,,,,,,,
,,,,,,,,,
,,,,,,,,,
,,,,,,,,,
,,,,,,,,,
,,,,,,,,,
,,,,,,,,,
,,,,,,,,,
,,,,,,,,,
,,,,,,,,,
,,,,,,,,,
,,,,,,,,,
,,,,,,,,,
,,,,,,,,,
,,,,,,,,,
,,,,,,,,,
,,,,,,,,,
,,,,,,,,,
,,,,,,,,,
,,,,,,,,,
,,,,,,,,,
,,,,,,,,,
,,,,,,,,,
,,,,,,,,,
,,,,,,,,,
,,,,,,,,,
,,,,,,,,,
,,,,,,,,,
,,,,,,,,,
,,,,,,,,,
,,,,,,,,,
,,,,,,,,,
,,,,,,,,,
,,,,,,,,,
,,,,,,,,,
,,,,,,,,,
,,,,,,,,,
,,,,,,,,,
,,,,,,,,,
,,,,,,,,,
,,,,,,,,,
,,,,,,,,,
,,,,,,,,,
,,,,,,,,,
,,,,,,,,,
,,,,,,,,,
,,,,,,,,,
,,,,,,,,,
,,,,,,,,,
,,,,,,,,,
,,,,,,,,,
,,,,,,,,,
,,,,,,,,,
,,,,,,,,,
,,,,,,,,,
,,,,,,,,,
,,,,,,,,,
,,,,,,,,,
,,,,,,,,,
,,,,,,,,,
,,,,,,,,,
,,,,,,,,,
,,,,,,,,,
,,,,,,,,,
,,,,,,,,,
,,,,,,,,,
,,,,,,,,,
,,,,,,,,,
,,,,,,,,,
,,,,,,,,,
,,,,,,,,,
,,,,,,,,,
,,,,,,,,,
,,,,,,,,,
,,,,,,,,,
,,,,,,,,,
,,,,,,,,,
,,,,,,,,,
,,,,,,,,,
,,,,,,,,,
,,,,,,,,,
,,,,,,,,,
,,,,,,,,,
,,,,,,,,,
,,,,,,,,,
,,,,,,,,,
,,,,,,,,,
,,,,,,,,,
,,,,,,,,,
,,,,,,,,,
,,,,,,,,,
,,,,,,,,,
,,,,,,,,,
,,,,,,,,,
,,,,,,,,,
,,,,,,,,,
,,,,,,,,,
,,,,,,,,,
,,,,,,,,,
,,,,,,,,,
,,,,,,,,,
,,,,,,,,,
,,,,,,,,,
,,,,,,,,,
,,,,,,,,,
,,,,,,,,,
,,,,,,,,,
,,,,,,,,,
,,,,,,,,,
,,,,,,,,,
,,,,,,,,,
,,,,,,,,,
,,,,,,,,,
,,,,,,,,,
,,,,,,,,,
,,,,,,,,,
,,,,,,,,,
,,,,,,,,,
,,,,,,,,,
,,,,,,,,,
,,,,,,,,,
,,,,,,,,,
,,,,,,,,,
,,,,,,,,,
,,,,,,,,,
,,,,,,,,,
,,,,,,,,,
,,,,,,,,,
,,,,,,,,,
,,,,,,,,,
,,,,,,,,,
,,,,,,,,,
,,,,,,,,,
,,,,,,,,,
,,,,,,,,,
,,,,,,,,,
,,,,,,,,,
,,,,,,,,,
,,,,,,,,,
,,,,,,,,,
,,,,,,,,,
,,,,,,,,,
,,,,,,,,,
,,,,,,,,,
,,,,,,,,,
,,,,,,,,,
,,,,,,,,,
,,,,,,,,,
,,,,,,,,,
,,,,,,,,,
,,,,,,,,,
,,,,,,,,,
,,,,,,,,,
,,,,,,,,,
,,,,,,,,,
,,,,,,,,,
,,,,,,,,,
,,,,,,,,,
,,,,,,,,,
,,,,,,,,,
,,,,,,,,,
,,,,,,,,,
,,,,,,,,,
,,,,,,,,,
,,,,,,,,,
,,,,,,,,,
,,,,,,,,,
,,,,,,,,,
,,,,,,,,,
,,,,,,,,,
,,,,,,,,,
,,,,,,,,,
,,,,,,,,,
,,,,,,,,,
,,,,,,,,,
,,,,,,,,,
,,,,,,,,,
,,,,,,,,,
,,,,,,,,,
,,,,,,,,,
,,,,,,,,,
,,,,,,,,,
,,,,,,,,,
,,,,,,,,,
,,,,,,,,,
,,,,,,,,,
,,,,,,,,,
,,,,,,,,,
,,,,,,,,,
,,,,,,,,,
,,,,,,,,,
,,,,,,,,,
,,,,,,,,,
,,,,,,,,,
,,,,,,,,,
,,,,,,,,,
,,,,,,,,,
,,,,,,,,,
,,,,,,,,,
,,,,,,,,,
,,,,,,,,,
,,,,,,,,,
,,,,,,,,,
,,,,,,,,,
,,,,,,,,,
,,,,,,,,,
,,,,,,,,,
,,,,,,,,,
,,,,,,,,,
,,,,,,,,,
,,,,,,,,,
,,,,,,,,,
,,,,,,,,,
,,,,,,,,,
,,,,,,,,,
,,,,,,,,,
,,,,,,,,,
,,,,,,,,,
,,,,,,,,,
,,,,,,,,,
,,,,,,,,,
,,,,,,,,,
,,,,,,,,,
,,,,,,,,,
,,,,,,,,,
,,,,,,,,,
,,,,,,,,,
,,,,,,,,,
,,,,,,,,,
,,,,,,,,,
,,,,,,,,,
,,,,,,,,,
,,,,,,,,,
,,,,,,,,,
,,,,,,,,,
,,,,,,,,,
,,,,,,,,,
,,,,,,,,,
,,,,,,,,,
,,,,,,,,,
,,,,,,,,,
,,,,,,,,,
,,,,,,,,,
,,,,,,,,,
,,,,,,,,,
,,,,,,,,,
,,,,,,,,,
,,,,,,,,,
,,,,,,,,,
,,,,,,,,,
,,,,,,,,,
,,,,,,,,,
,,,,,,,,,
,,,,,,,,,
,,,,,,,,,
,,,,,,,,,
,,,,,,,,,
,,,,,,,,,
,,,,,,,,,
,,,,,,,,,
,,,,,,,,,
,,,,,,,,,
,,,,,,,,,
,,,,,,,,,
,,,,,,,,,
,,,,,,,,,
,,,,,,,,,
,,,,,,,,,
,,,,,,,,,
,,,,,,,,,
,,,,,,,,,
,,,,,,,,,
,,,,,,,,,
,,,,,,,,,
,,,,,,,,,
,,,,,,,,,
,,,,,,,,,
,,,,,,,,,
,,,,,,,,,
,,,,,,,,,
,,,,,,,,,
,,,,,,,,,
,,,,,,,,,
,,,,,,,,,
,,,,,,,,,
,,,,,,,,,
,,,,,,,,,
,,,,,,,,,
,,,,,,,,,
,,,,,,,,,
,,,,,,,,,
,,,,,,,,,
,,,,,,,,,
,,,,,,,,,
,,,,,,,,,
,,,,,,,,,
,,,,,,,,,
,,,,,,,,,
,,,,,,,,,
,,,,,,,,,
,,,,,,,,,
,,,,,,,,,
,,,,,,,,,
,,,,,,,,,
,,,,,,,,,
,,,,,,,,,
,,,,,,,,,
,,,,,,,,,
,,,,,,,,,
,,,,,,,,,
,,,,,,,,,
,,,,,,,,,
,,,,,,,,,
,,,,,,,,,
,,,,,,,,,
,,,,,,,,,
,,,,,,,,,
,,,,,,,,,
,,,,,,,,,
,,,,,,,,,
,,,,,,,,,
,,,,,,,,,
,,,,,,,,,
,,,,,,,,,
,,,,,,,,,
,,,,,,,,,
,,,,,,,,,
,,,,,,,,,
,,,,,,,,,
,,,,,,,,,
,,,,,,,,,
,,,,,,,,,
,,,,,,,,,
,,,,,,,,,
,,,,,,,,,
,,,,,,,,,
,,,,,,,,,
,,,,,,,,,
,,,,,,,,,
,,,,,,,,,
,,,,,,,,,
,,,,,,,,,
,,,,,,,,,
,,,,,,,,,
,,,,,,,,,
,,,,,,,,,
,,,,,,,,,
,,,,,,,,,
,,,,,,,,,
,,,,,,,,,
,,,,,,,,,
,,,,,,,,,
,,,,,,,,,
,,,,,,,,,
,,,,,,,,,
,,,,,,,,,
,,,,,,,,,
,,,,,,,,,
,,,,,,,,,
,,,,,,,,,
,,,,,,,,,
,,,,,,,,,
,,,,,,,,,
,,,,,,,,,
,,,,,,,,,
,,,,,,,,,
,,,,,,,,,
,,,,,,,,,
,,,,,,,,,
,,,,,,,,,
,,,,,,,,,
,,,,,,,,,
,,,,,,,,,
,,,,,,,,,
,,,,,,,,,
,,,,,,,,,
,,,,,,,,,
,,,,,,,,,
,,,,,,,,,
,,,,,,,,,
,,,,,,,,,
,,,,,,,,,
,,,,,,,,,
,,,,,,,,,
,,,,,,,,,
,,,,,,,,,
,,,,,,,,,
,,,,,,,,,
,,,,,,,,,
,,,,,,,,,
,,,,,,,,,
,,,,,,,,,
,,,,,,,,,
,,,,,,,,,
,,,,,,,,,
,,,,,,,,,
,,,,,,,,,
,,,,,,,,,
,,,,,,,,,
,,,,,,,,,
,,,,,,,,,
,,,,,,,,,
,,,,,,,,,
,,,,,,,,,
,,,,,,,,,
,,,,,,,,,
,,,,,,,,,
,,,,,,,,,
,,,,,,,,,
,,,,,,,,,
,,,,,,,,,
,,,,,,,,,
,,,,,,,,,
,,,,,,,,,
,,,,,,,,,
,,,,,,,,,
,,,,,,,,,
,,,,,,,,,
,,,,,,,,,
,,,,,,,,,
,,,,,,,,,
,,,,,,,,,
,,,,,,,,,
,,,,,,,,,
,,,,,,,,,
,,,,,,,,,
,,,,,,,,,
,,,,,,,,,
,,,,,,,,,
,,,,,,,,,
,,,,,,,,,
,,,,,,,,,
,,,,,,,,,
,,,,,,,,,
,,,,,,,,,
,,,,,,,,,
,,,,,,,,,
,,,,,,,,,
,,,,,,,,,
,,,,,,,,,
,,,,,,,,,
,,,,,,,,,
,,,,,,,,,
,,,,,,,,,
,,,,,,,,,
,,,,,,,,,
,,,,,,,,,
,,,,,,,,,
,,,,,,,,,
,,,,,,,,,
,,,,,,,,,
,,,,,,,,,
,,,,,,,,,
,,,,,,,,,
,,,,,,,,,
,,,,,,,,,
,,,,,,,,,
,,,,,,,,,
,,,,,,,,,
,,,,,,,,,
,,,,,,,,,
,,,,,,,,,
,,,,,,,,,
,,,,,,,,,
,,,,,,,,,
,,,,,,,,,
,,,,,,,,,
,,,,,,,,,
,,,,,,,,,
,,,,,,,,,
,,,,,,,,,
,,,,,,,,,
,,,,,,,,,
,,,,,,,,,
,,,,,,,,,
,,,,,,,,,
,,,,,,,,,
,,,,,,,,,
,,,,,,,,,
,,,,,,,,,
,,,,,,,,,
,,,,,,,,,
,,,,,,,,,
,,,,,,,,,
,,,,,,,,,
,,,,,,,,,
,,,,,,,,,
,,,,,,,,,
,,,,,,,,,
,,,,,,,,,
,,,,,,,,,
,,,,,,,,,
,,,,,,,,,
,,,,,,,,,
,,,,,,,,,
,,,,,,,,,
,,,,,,,,,
,,,,,,,,,
,,,,,,,,,
,,,,,,,,,
,,,,,,,,,
,,,,,,,,,
,,,,,,,,,
,,,,,,,,,
,,,,,,,,,
,,,,,,,,,
,,,,,,,,,
,,,,,,,,,
,,,,,,,,,
,,,,,,,,,
,,,,,,,,,
,,,,,,,,,
,,,,,,,,,
,,,,,,,,,
,,,,,,,,,
,,,,,,,,,
,,,,,,,,,
,,,,,,,,,
,,,,,,,,,
,,,,,,,,,
,,,,,,,,,
,,,,,,,,,
,,,,,,,,,
,,,,,,,,,
,,,,,,,,,
,,,,,,,,,
,,,,,,,,,
,,,,,,,,,
,,,,,,,,,
,,,,,,,,,
,,,,,,,,,
,,,,,,,,,
,,,,,,,,,
,,,,,,,,,
,,,,,,,,,
,,,,,,,,,
,,,,,,,,,
,,,,,,,,,
,,,,,,,,,
,,,,,,,,,
,,,,,,,,,
,,,,,,,,,
,,,,,,,,,
,,,,,,,,,
,,,,,,,,,
,,,,,,,,,
,,,,,,,,,
,,,,,,,,,
,,,,,,,,,
,,,,,,,,,
,,,,,,,,,
,,,,,,,,,
,,,,,,,,,
,,,,,,,,,
,,,,,,,,,
,,,,,,,,,
,,,,,,,,,
,,,,,,,,,
,,,,,,,,,
,,,,,,,,,
,,,,,,,,,
,,,,,,,,,
,,,,,,,,,
,,,,,,,,,
,,,,,,,,,
,,,,,,,,,
,,,,,,,,,
,,,,,,,,,
,,,,,,,,,
,,,,,,,,,
,,,,,,,,,
,,,,,,,,,
,,,,,,,,,
,,,,,,,,,
,,,,,,,,,
,,,,,,,,,
,,,,,,,,,
,,,,,,,,,
,,,,,,,,,
,,,,,,,,,
,,,,,,,,,
,,,,,,,,,
,,,,,,,,,
,,,,,,,,,
,,,,,,,,,
,,,,,,,,,
,,,,,,,,,
,,,,,,,,,
,,,,,,,,,
,,,,,,,,,
,,,,,,,,,
,,,,,,,,,
,,,,,,,,,
,,,,,,,,,
,,,,,,,,,
,,,,,,,,,
,,,,,,,,,
,,,,,,,,,
,,,,,,,,,
,,,,,,,,,
,,,,,,,,,
,,,,,,,,,
,,,,,,,,,
,,,,,,,,,
,,,,,,,,,
,,,,,,,,,
,,,,,,,,,
,,,,,,,,,
,,,,,,,,,
,,,,,,,,,
,,,,,,,,,
,,,,,,,,,
,,,,,,,,,
,,,,,,,,,
,,,,,,,,,
,,,,,,,,,
,,,,,,,,,
,,,,,,,,,
,,,,,,,,,
,,,,,,,,,
,,,,,,,,,
,,,,,,,,,
,,,,,,,,,
,,,,,,,,,
,,,,,,,,,
,,,,,,,,,
,,,,,,,,,
,,,,,,,,,
,,,,,,,,,
,,,,,,,,,
,,,,,,,,,
,,,,,,,,,
,,,,,,,,,
,,,,,,,,,
,,,,,,,,,
,,,,,,,,,
,,,,,,,,,
,,,,,,,,,
,,,,,,,,,
,,,,,,,,,
,,,,,,,,,
,,,,,,,,,
,,,,,,,,,
,,,,,,,,,
,,,,,,,,,
,,,,,,,,,
,,,,,,,,,
,,,,,,,,,
,,,,,,,,,
,,,,,,,,,
,,,,,,,,,
,,,,,,,,,
,,,,,,,,,
,,,,,,,,,
,,,,,,,,,
,,,,,,,,,
,,,,,,,,,
,,,,,,,,,
,,,,,,,,,
,,,,,,,,,
,,,,,,,,,
,,,,,,,,,
,,,,,,,,,
,,,,,,,,,
,,,,,,,,,
,,,,,,,,,
,,,,,,,,,
,,,,,,,,,
,,,,,,,,,
,,,,,,,,,
,,,,,,,,,
,,,,,,,,,
,,,,,,,,,
,,,,,,,,,
,,,,,,,,,
,,,,,,,,,
,,,,,,,,,
,,,,,,,,,
,,,,,,,,,
,,,,,,,,,
,,,,,,,,,
,,,,,,,,,
,,,,,,,,,
,,,,,,,,,
,,,,,,,,,
,,,,,,,,,
,,,,,,,,,
,,,,,,,,,
,,,,,,,,,
,,,,,,,,,
,,,,,,,,,
,,,,,,,,,
,,,,,,,,,
,,,,,,,,,
,,,,,,,,,
,,,,,,,,,
,,,,,,,,,
,,,,,,,,,
,,,,,,,,,
,,,,,,,,,
,,,,,,,,,
,,,,,,,,,
,,,,,,,,,
,,,,,,,,,
,,,,,,,,,
,,,,,,,,,
,,,,,,,,,
,,,,,,,,,
,,,,,,,,,
,,,,,,,,,
,,,,,,,,,
,,,,,,,,,
,,,,,,,,,
,,,,,,,,,
,,,,,,,,,
,,,,,,,,,
,,,,,,,,,
,,,,,,,,,
,,,,,,,,,
,,,,,,,,,
,,,,,,,,,
,,,,,,,,,
,,,,,,,,,
,,,,,,,,,
,,,,,,,,,
,,,,,,,,,
,,,,,,,,,
,,,,,,,,,
,,,,,,,,,
,,,,,,,,,
,,,,,,,,,
,,,,,,,,,
,,,,,,,,,
,,,,,,,,,
,,,,,,,,,
,,,,,,,,,
,,,,,,,,,
,,,,,,,,,
,,,,,,,,,
,,,,,,,,,
,,,,,,,,,
,,,,,,,,,
,,,,,,,,,
,,,,,,,,,
,,,,,,,,,
,,,,,,,,,
,,,,,,,,,
,,,,,,,,,
,,,,,,,,,
,,,,,,,,,
,,,,,,,,,
,,,,,,,,,
,,,,,,,,,
,,,,,,,,,
,,,,,,,,,
,,,,,,,,,
,,,,,,,,,
,,,,,,,,,
,,,,,,,,,
,,,,,,,,,
,,,,,,,,,
,,,,,,,,,
,,,,,,,,,
,,,,,,,,,
,,,,,,,,,
,,,,,,,,,
,,,,,,,,,
,,,,,,,,,
,,,,,,,,,
,,,,,,,,,
,,,,,,,,,
,,,,,,,,,
,,,,,,,,,
,,,,,,,,,
,,,,,,,,,
,,,,,,,,,
,,,,,,,,,
,,,,,,,,,
,,,,,,,,,
,,,,,,,,,
,,,,,,,,,
,,,,,,,,,
,,,,,,,,,
,,,,,,,,,
,,,,,,,,,
,,,,,,,,,
,,,,,,,,,
,,,,,,,,,
,,,,,,,,,
,,,,,,,,,
,,,,,,,,,
,,,,,,,,,
,,,,,,,,,
,,,,,,,,,
,,,,,,,,,
,,,,,,,,,
,,,,,,,,,
,,,,,,,,,
,,,,,,,,,
,,,,,,,,,
,,,,,,,,,
,,,,,,,,,
,,,,,,,,,
,,,,,,,,,
,,,,,,,,,
,,,,,,,,,
,,,,,,,,,
,,,,,,,,,
,,,,,,,,,
,,,,,,,,,
,,,,,,,,,
,,,,,,,,,
,,,,,,,,,
,,,,,,,,,
,,,,,,,,,
,,,,,,,,,
,,,,,,,,,
,,,,,,,,,
,,,,,,,,,
,,,,,,,,,
,,,,,,,,,
,,,,,,,,,
,,,,,,,,,
,,,,,,,,,
,,,,,,,,,
,,,,,,,,,
,,,,,,,,,
,,,,,,,,,
,,,,,,,,,
,,,,,,,,,
,,,,,,,,,
,,,,,,,,,
,,,,,,,,,
,,,,,,,,,
,,,,,,,,,
,,,,,,,,,
,,,,,,,,,
,,,,,,,,,
,,,,,,,,,
,,,,,,,,,
,,,,,,,,,
,,,,,,,,,
,,,,,,,,,
,,,,,,,,,
,,,,,,,,,
,,,,,,,,,
,,,,,,,,,
,,,,,,,,,
,,,,,,,,,
,,,,,,,,,
,,,,,,,,,
,,,,,,,,,
,,,,,,,,,
,,,,,,,,,
,,,,,,,,,
,,,,,,,,,
,,,,,,,,,
,,,,,,,,,
,,,,,,,,,
,,,,,,,,,
,,,,,,,,,
,,,,,,,,,
,,,,,,,,,
,,,,,,,,,
,,,,,,,,,
,,,,,,,,,
,,,,,,,,,
,,,,,,,,,
,,,,,,,,,
,,,,,,,,,
,,,,,,,,,
,,,,,,,,,
,,,,,,,,,
,,,,,,,,,
,,,,,,,,,
,,,,,,,,,
,,,,,,,,,
,,,,,,,,,
,,,,,,,,,
,,,,,,,,,
,,,,,,,,,
,,,,,,,,,
,,,,,,,,,
,,,,,,,,,
,,,,,,,,,
,,,,,,,,,
,,,,,,,,,
,,,,,,,,,
,,,,,,,,,
,,,,,,,,,
,,,,,,,,,
,,,,,,,,,
,,,,,,,,,
,,,,,,,,,
,,,,,,,,,
,,,,,,,,,
,,,,,,,,,
,,,,,,,,,
,,,,,,,,,
,,,,,,,,,
,,,,,,,,,
,,,,,,,,,
,,,,,,,,,
,,,,,,,,,
,,,,,,,,,
,,,,,,,,,
,,,,,,,,,
,,,,,,,,,
,,,,,,,,,
,,,,,,,,,
,,,,,,,,,
,,,,,,,,,
,,,,,,,,,
,,,,,,,,,
,,,,,,,,,
,,,,,,,,,
,,,,,,,,,
,,,,,,,,,
,,,,,,,,,
,,,,,,,,,
,,,,,,,,,
,,,,,,,,,
,,,,,,,,,
,,,,,,,,,
,,,,,,,,,
,,,,,,,,,
,,,,,,,,,
,,,,,,,,,
,,,,,,,,,
,,,,,,,,,
,,,,,,,,,
,,,,,,,,,
,,,,,,,,,
,,,,,,,,,
,,,,,,,,,
,,,,,,,,,
,,,,,,,,,
,,,,,,,,,
,,,,,,,,,
,,,,,,,,,
,,,,,,,,,
,,,,,,,,,
,,,,,,,,,
,,,,,,,,,
,,,,,,,,,
,,,,,,,,,
,,,,,,,,,
,,,,,,,,,
,,,,,,,,,
,,,,,,,,,
,,,,,,,,,
,,,,,,,,,
,,,,,,,,,
,,,,,,,,,
,,,,,,,,,
,,,,,,,,,
,,,,,,,,,
,,,,,,,,,
,,,,,,,,,
,,,,,,,,,
,,,,,,,,,
,,,,,,,,,
,,,,,,,,,
,,,,,,,,,
,,,,,,,,,
,,,,,,,,,
,,,,,,,,,
,,,,,,,,,
,,,,,,,,,
,,,,,,,,,
,,,,,,,,,
,,,,,,,,,
,,,,,,,,,
,,,,,,,,,
,,,,,,,,,
,,,,,,,,,
,,,,,,,,,
,,,,,,,,,
,,,,,,,,,
,,,,,,,,,
,,,,,,,,,
,,,,,,,,,
,,,,,,,,,
,,,,,,,,,
,,,,,,,,,
,,,,,,,,,
,,,,,,,,,
,,,,,,,,,
,,,,,,,,,
,,,,,,,,,
,,,,,,,,,
,,,,,,,,,
,,,,,,,,,
,,,,,,,,,
,,,,,,,,,
,,,,,,,,,
,,,,,,,,,
,,,,,,,,,
,,,,,,,,,
,,,,,,,,,
,,,,,,,,,
,,,,,,,,,
,,,,,,,,,
,,,,,,,,,
,,,,,,,,,
,,,,,,,,,
,,,,,,,,,
,,,,,,,,,
,,,,,,,,,
,,,,,,,,,
,,,,,,,,,
,,,,,,,,,
,,,,,,,,,
,,,,,,,,,
,,,,,,,,,
,,,,,,,,,
,,,,,,,,,
,,,,,,,,,
,,,,,,,,,
,,,,,,,,,
,,,,,,,,,
,,,,,,,,,
,,,,,,,,,
,,,,,,,,,
,,,,,,,,,
,,,,,,,,,
,,,,,,,,,
,,,,,,,,,
,,,,,,,,,
,,,,,,,,,
,,,,,,,,,
,,,,,,,,,
,,,,,,,,,
,,,,,,,,,
,,,,,,,,,
,,,,,,,,,
,,,,,,,,,
,,,,,,,,,
,,,,,,,,,
,,,,,,,,,
,,,,,,,,,
,,,,,,,,,
,,,,,,,,,
,,,,,,,,,
,,,,,,,,,
,,,,,,,,,
,,,,,,,,,
,,,,,,,,,
,,,,,,,,,
,,,,,,,,,
,,,,,,,,,
,,,,,,,,,
,,,,,,,,,
,,,,,,,,,
,,,,,,,,,
,,,,,,,,,
,,,,,,,,,
,,,,,,,,,
,,,,,,,,,
,,,,,,,,,
,,,,,,,,,
,,,,,,,,,
,,,,,,,,,
,,,,,,,,,
,,,,,,,,,
,,,,,,,,,
,,,,,,,,,
,,,,,,,,,
,,,,,,,,,
,,,,,,,,,
,,,,,,,,,
,,,,,,,,,
,,,,,,,,,
,,,,,,,,,
,,,,,,,,,
,,,,,,,,,
,,,,,,,,,
,,,,,,,,,
,,,,,,,,,
,,,,,,,,,
,,,,,,,,,
,,,,,,,,,
,,,,,,,,,
,,,,,,,,,
,,,,,,,,,
,,,,,,,,,
,,,,,,,,,
,,,,,,,,,
,,,,,,,,,
,,,,,,,,,
,,,,,,,,,
,,,,,,,,,
,,,,,,,,,
,,,,,,,,,
,,,,,,,,,
,,,,,,,,,
,,,,,,,,,
,,,,,,,,,
,,,,,,,,,
,,,,,,,,,
,,,,,,,,,
,,,,,,,,,
,,,,,,,,,
,,,,,,,,,
,,,,,,,,,
,,,,,,,,,
,,,,,,,,,
,,,,,,,,,
,,,,,,,,,
,,,,,,,,,
,,,,,,,,,
,,,,,,,,,
,,,,,,,,,
,,,,,,,,,
,,,,,,,,,
,,,,,,,,,
,,,,,,,,,
,,,,,,,,,
,,,,,,,,,
,,,,,,,,,
,,,,,,,,,
,,,,,,,,,
,,,,,,,,,
,,,,,,,,,
,,,,,,,,,
,,,,,,,,,
,,,,,,,,,
,,,,,,,,,
,,,,,,,,,
,,,,,,,,,
,,,,,,,,,
,,,,,,,,,
,,,,,,,,,
,,,,,,,,,
,,,,,,,,,
,,,,,,,,,
,,,,,,,,,
,,,,,,,,,
,,,,,,,,,
,,,,,,,,,
,,,,,,,,,
,,,,,,,,,
,,,,,,,,,
,,,,,,,,,
,,,,,,,,,
,,,,,,,,,
,,,,,,,,,
,,,,,,,,,
,,,,,,,,,
,,,,,,,,,
,,,,,,,,,
,,,,,,,,,
,,,,,,,,,
,,,,,,,,,
,,,,,,,,,
,,,,,,,,,
,,,,,,,,,
,,,,,,,,,
,,,,,,,,,
,,,,,,,,,
,,,,,,,,,
,,,,,,,,,
,,,,,,,,,
,,,,,,,,,
,,,,,,,,,
,,,,,,,,,
,,,,,,,,,
,,,,,,,,,
,,,,,,,,,
,,,,,,,,,
,,,,,,,,,
,,,,,,,,,
,,,,,,,,,
,,,,,,,,,
,,,,,,,,,
,,,,,,,,,
,,,,,,,,,
,,,,,,,,,
,,,,,,,,,
,,,,,,,,,
,,,,,,,,,
,,,,,,,,,
,,,,,,,,,
,,,,,,,,,
,,,,,,,,,
,,,,,,,,,
,,,,,,,,,
,,,,,,,,,
,,,,,,,,,
,,,,,,,,,
,,,,,,,,,
,,,,,,,,,
,,,,,,,,,
,,,,,,,,,
,,,,,,,,,
,,,,,,,,,
,,,,,,,,,
,,,,,,,,,
,,,,,,,,,
,,,,,,,,,
,,,,,,,,,
,,,,,,,,,
,,,,,,,,,
,,,,,,,,,
,,,,,,,,,
,,,,,,,,,
,,,,,,,,,
,,,,,,,,,
,,,,,,,,,
,,,,,,,,,
,,,,,,,,,
,,,,,,,,,
,,,,,,,,,
,,,,,,,,,
,,,,,,,,,
,,,,,,,,,
,,,,,,,,,
,,,,,,,,,
,,,,,,,,,
,,,,,,,,,
,,,,,,,,,
,,,,,,,,,
,,,,,,,,,
,,,,,,,,,
,,,,,,,,,
,,,,,,,,,
,,,,,,,,,
,,,,,,,,,
,,,,,,,,,
,,,,,,,,,
,,,,,,,,,
,,,,,,,,,
,,,,,,,,,
,,,,,,,,,
,,,,,,,,,
,,,,,,,,,
,,,,,,,,,
,,,,,,,,,
,,,,,,,,,
,,,,,,,,,
,,,,,,,,,
,,,,,,,,,
,,,,,,,,,
,,,,,,,,,
,,,,,,,,,
,,,,,,,,,
,,,,,,,,,
,,,,,,,,,
,,,,,,,,,
,,,,,,,,,
,,,,,,,,,
,,,,,,,,,
,,,,,,,,,
,,,,,,,,,
,,,,,,,,,
,,,,,,,,,
,,,,,,,,,
,,,,,,,,,
,,,,,,,,,
,,,,,,,,,
,,,,,,,,,
,,,,,,,,,
,,,,,,,,,
,,,,,,,,,
,,,,,,,,,
,,,,,,,,,
,,,,,,,,,
,,,,,,,,,
,,,,,,,,,
,,,,,,,,,
,,,,,,,,,
,,,,,,,,,
,,,,,,,,,
,,,,,,,,,
,,,,,,,,,
,,,,,,,,,
,,,,,,,,,
,,,,,,,,,
,,,,,,,,,
,,,,,,,,,
,,,,,,,,,
,,,,,,,,,
,,,,,,,,,
,,,,,,,,,
,,,,,,,,,
,,,,,,,,,
,,,,,,,,,
,,,,,,,,,
,,,,,,,,,
,,,,,,,,,
,,,,,,,,,
,,,,,,,,,
,,,,,,,,,
,,,,,,,,,
,,,,,,,,,
,,,,,,,,,
,,,,,,,,,
,,,,,,,,,
,,,,,,,,,
,,,,,,,,,
,,,,,,,,,
,,,,,,,,,
,,,,,,,,,
,,,,,,,,,
,,,,,,,,,
,,,,,,,,,
,,,,,,,,,
,,,,,,,,,
,,,,,,,,,
,,,,,,,,,
,,,,,,,,,
,,,,,,,,,
,,,,,,,,,
,,,,,,,,,
,,,,,,,,,
,,,,,,,,,
,,,,,,,,,
,,,,,,,,,
,,,,,,,,,
,,,,,,,,,
,,,,,,,,,
,,,,,,,,,
,,,,,,,,,
,,,,,,,,,
,,,,,,,,,
,,,,,,,,,
,,,,,,,,,
,,,,,,,,,
,,,,,,,,,
,,,,,,,,,
,,,,,,,,,
,,,,,,,,,
,,,,,,,,,
,,,,,,,,,
,,,,,,,,,
,,,,,,,,,
,,,,,,,,,
,,,,,,,,,
,,,,,,,,,
,,,,,,,,,
,,,,,,,,,
,,,,,,,,,
,,,,,,,,,
,,,,,,,,,
,,,,,,,,,
,,,,,,,,,
,,,,,,,,,
,,,,,,,,,
,,,,,,,,,
,,,,,,,,,
,,,,,,,,,
,,,,,,,,,
,,,,,,,,,
,,,,,,,,,
,,,,,,,,,
,,,,,,,,,
,,,,,,,,,
,,,,,,,,,
,,,,,,,,,
,,,,,,,,,
,,,,,,,,,
,,,,,,,,,
,,,,,,,,,
,,,,,,,,,
,,,,,,,,,
,,,,,,,,,
,,,,,,,,,
,,,,,,,,,
,,,,,,,,,
,,,,,,,,,
,,,,,,,,,
,,,,,,,,,
,,,,,,,,,
,,,,,,,,,
,,,,,,,,,
,,,,,,,,,
,,,,,,,,,
,,,,,,,,,
,,,,,,,,,
,,,,,,,,,
,,,,,,,,,
,,,,,,,,,
,,,,,,,,,
,,,,,,,,,
,,,,,,,,,
,,,,,,,,,
,,,,,,,,,
,,,,,,,,,
,,,,,,,,,
,,,,,,,,,
,,,,,,,,,
,,,,,,,,,
,,,,,,,,,
,,,,,,,,,
,,,,,,,,,
,,,,,,,,,
,,,,,,,,,
,,,,,,,,,
,,,,,,,,,
,,,,,,,,,
,,,,,,,,,
,,,,,,,,,
,,,,,,,,,
,,,,,,,,,
,,,,,,,,,
,,,,,,,,,
,,,,,,,,,
,,,,,,,,,
,,,,,,,,,
,,,,,,,,,
,,,,,,,,,
,,,,,,,,,
,,,,,,,,,
,,,,,,,,,
,,,,,,,,,
,,,,,,,,,
,,,,,,,,,
,,,,,,,,,
,,,,,,,,,
,,,,,,,,,
,,,,,,,,,
,,,,,,,,,
,,,,,,,,,
,,,,,,,,,
,,,,,,,,,
,,,,,,,,,
,,,,,,,,,
,,,,,,,,,
,,,,,,,,,
,,,,,,,,,
,,,,,,,,,
,,,,,,,,,
,,,,,,,,,
,,,,,,,,,
,,,,,,,,,
,,,,,,,,,
,,,,,,,,,
,,,,,,,,,
,,,,,,,,,
,,,,,,,,,
,,,,,,,,,
,,,,,,,,,
,,,,,,,,,
,,,,,,,,,
,,,,,,,,,
,,,,,,,,,
,,,,,,,,,
,,,,,,,,,
,,,,,,,,,
,,,,,,,,,
,,,,,,,,,
,,,,,,,,,
,,,,,,,,,
,,,,,,,,,
,,,,,,,,,
,,,,,,,,,
,,,,,,,,,
,,,,,,,,,
,,,,,,,,,
,,,,,,,,,
,,,,,,,,,
,,,,,,,,,
,,,,,,,,,
,,,,,,,,,
,,,,,,,,,
,,,,,,,,,
,,,,,,,,,
,,,,,,,,,
,,,,,,,,,
,,,,,,,,,
,,,,,,,,,
,,,,,,,,,
,,,,,,,,,
,,,,,,,,,
,,,,,,,,,
,,,,,,,,,
,,,,,,,,,
,,,,,,,,,
,,,,,,,,,
,,,,,,,,,
,,,,,,,,,
,,,,,,,,,
,,,,,,,,,
,,,,,,,,,
,,,,,,,,,
,,,,,,,,,
,,,,,,,,,
,,,,,,,,,
,,,,,,,,,
,,,,,,,,,
,,,,,,,,,
,,,,,,,,,
,,,,,,,,,
,,,,,,,,,
,,,,,,,,,
,,,,,,,,,
,,,,,,,,,
,,,,,,,,,
,,,,,,,,,
,,,,,,,,,
,,,,,,,,,
,,,,,,,,,
,,,,,,,,,
,,,,,,,,,
,,,,,,,,,
,,,,,,,,,
,,,,,,,,,
,,,,,,,,,
,,,,,,,,,
,,,,,,,,,
,,,,,,,,,
,,,,,,,,,
,,,,,,,,,
,,,,,,,,,
,,,,,,,,,
,,,,,,,,,
,,,,,,,,,
,,,,,,,,,
,,,,,,,,,
,,,,,,,,,
,,,,,,,,,
,,,,,,,,,
,,,,,,,,,
,,,,,,,,,
,,,,,,,,,
,,,,,,,,,
,,,,,,,,,
,,,,,,,,,
,,,,,,,,,
,,,,,,,,,
,,,,,,,,,
,,,,,,,,,
,,,,,,,,,
,,,,,,,,,
,,,,,,,,,
,,,,,,,,,
,,,,,,,,,
,,,,,,,,,
,,,,,,,,,
,,,,,,,,,
,,,,,,,,,
,,,,,,,,,
,,,,,,,,,
,,,,,,,,,
,,,,,,,,,
,,,,,,,,,
,,,,,,,,,
,,,,,,,,,
,,,,,,,,,
,,,,,,,,,
,,,,,,,,,
,,,,,,,,,
,,,,,,,,,
,,,,,,,,,
,,,,,,,,,
,,,,,,,,,
,,,,,,,,,
,,,,,,,,,
,,,,,,,,,
,,,,,,,,,
,,,,,,,,,
,,,,,,,,,
,,,,,,,,,
,,,,,,,,,
,,,,,,,,,
,,,,,,,,,
,,,,,,,,,
,,,,,,,,,
,,,,,,,,,
,,,,,,,,,
,,,,,,,,,
,,,,,,,,,
,,,,,,,,,
,,,,,,,,,
,,,,,,,,,
,,,,,,,,,
,,,,,,,,,
,,,,,,,,,
,,,,,,,,,
,,,,,,,,,
,,,,,,,,,
,,,,,,,,,
,,,,,,,,,
,,,,,,,,,
,,,,,,,,,
,,,,,,,,,
,,,,,,,,,
,,,,,,,,,
,,,,,,,,,
,,,,,,,,,
,,,,,,,,,
,,,,,,,,,
,,,,,,,,,
,,,,,,,,,
,,,,,,,,,
,,,,,,,,,
,,,,,,,,,
,,,,,,,,,
,,,,,,,,,
,,,,,,,,,
,,,,,,,,,
,,,,,,,,,
,,,,,,,,,
,,,,,,,,,
,,,,,,,,,
,,,,,,,,,
,,,,,,,,,
,,,,,,,,,
,,,,,,,,,
,,,,,,,,,
,,,,,,,,,
,,,,,,,,,
,,,,,,,,,
,,,,,,,,,
,,,,,,,,,
,,,,,,,,,
,,,,,,,,,
,,,,,,,,,
,,,,,,,,,
,,,,,,,,,
,,,,,,,,,
,,,,,,,,,
,,,,,,,,,
,,,,,,,,,
,,,,,,,,,
,,,,,,,,,
,,,,,,,,,
,,,,,,,,,
,,,,,,,,,
,,,,,,,,,
,,,,,,,,,
,,,,,,,,,
,,,,,,,,,
,,,,,,,,,
,,,,,,,,,
,,,,,,,,,
,,,,,,,,,
,,,,,,,,,
,,,,,,,,,
,,,,,,,,,
,,,,,,,,,
,,,,,,,,,
,,,,,,,,,
,,,,,,,,,
,,,,,,,,,
,,,,,,,,,
,,,,,,,,,
,,,,,,,,,
,,,,,,,,,
,,,,,,,,,
,,,,,,,,,
,,,,,,,,,
,,,,,,,,,
,,,,,,,,,
,,,,,,,,,
,,,,,,,,,
,,,,,,,,,
,,,,,,,,,
,,,,,,,,,
,,,,,,,,,
,,,,,,,,,
,,,,,,,,,
,,,,,,,,,
,,,,,,,,,
,,,,,,,,,
,,,,,,,,,
,,,,,,,,,
,,,,,,,,,
,,,,,,,,,
,,,,,,,,,
,,,,,,,,,
,,,,,,,,,
,,,,,,,,,
,,,,,,,,,
,,,,,,,,,
,,,,,,,,,
,,,,,,,,,
,,,,,,,,,
,,,,,,,,,
,,,,,,,,,
,,,,,,,,,
,,,,,,,,,
,,,,,,,,,
,,,,,,,,,
,,,,,,,,,
,,,,,,,,,
,,,,,,,,,
,,,,,,,,,
,,,,,,,,,
,,,,,,,,,
,,,,,,,,,
,,,,,,,,,
,,,,,,,,,
,,,,,,,,,
,,,,,,,,,
,,,,,,,,,
,,,,,,,,,
,,,,,,,,,
,,,,,,,,,
,,,,,,,,,
,,,,,,,,,
,,,,,,,,,
,,,,,,,,,
,,,,,,,,,
,,,,,,,,,
,,,,,,,,,
,,,,,,,,,
,,,,,,,,,
,,,,,,,,,
,,,,,,,,,
,,,,,,,,,
,,,,,,,,,
,,,,,,,,,
,,,,,,,,,
,,,,,,,,,
,,,,,,,,,
,,,,,,,,,
,,,,,,,,,
,,,,,,,,,
,,,,,,,,,
,,,,,,,,,
,,,,,,,,,
,,,,,,,,,
,,,,,,,,,
,,,,,,,,,
,,,,,,,,,
,,,,,,,,,
,,,,,,,,,
,,,,,,,,,
,,,,,,,,,
,,,,,,,,,
,,,,,,,,,
,,,,,,,,,
,,,,,,,,,
,,,,,,,,,
,,,,,,,,,
,,,,,,,,,
,,,,,,,,,
,,,,,,,,,
,,,,,,,,,
,,,,,,,,,
,,,,,,,,,
,,,,,,,,,
,,,,,,,,,
,,,,,,,,,
,,,,,,,,,
,,,,,,,,,
,,,,,,,,,
,,,,,,,,,
,,,,,,,,,
,,,,,,,,,
,,,,,,,,,
,,,,,,,,,
,,,,,,,,,
,,,,,,,,,
,,,,,,,,,
,,,,,,,,,
,,,,,,,,,
,,,,,,,,,
,,,,,,,,,
,,,,,,,,,
,,,,,,,,,
,,,,,,,,,
,,,,,,,,,
,,,,,,,,,
,,,,,,,,,
,,,,,,,,,
,,,,,,,,,
,,,,,,,,,
,,,,,,,,,
,,,,,,,,,
,,,,,,,,,
,,,,,,,,,
,,,,,,,,,
,,,,,,,,,
,,,,,,,,,
,,,,,,,,,
,,,,,,,,,
,,,,,,,,,
,,,,,,,,,
,,,,,,,,,
,,,,,,,,,
,,,,,,,,,
,,,,,,,,,
,,,,,,,,,
,,,,,,,,,
,,,,,,,,,
,,,,,,,,,
,,,,,,,,,
,,,,,,,,,
,,,,,,,,,
,,,,,,,,,
,,,,,,,,,
,,,,,,,,,
,,,,,,,,,
,,,,,,,,,
,,,,,,,,,
,,,,,,,,,
,,,,,,,,,
,,,,,,,,,
,,,,,,,,,
,,,,,,,,,
,,,,,,,,,
,,,,,,,,,
,,,,,,,,,
,,,,,,,,,
,,,,,,,,,
,,,,,,,,,
,,,,,,,,,
,,,,,,,,,
,,,,,,,,,
,,,,,,,,,
,,,,,,,,,
,,,,,,,,,
,,,,,,,,,
,,,,,,,,,
,,,,,,,,,
,,,,,,,,,
,,,,,,,,,
,,,,,,,,,
,,,,,,,,,
,,,,,,,,,
,,,,,,,,,
,,,,,,,,,
,,,,,,,,,
,,,,,,,,,
,,,,,,,,,
,,,,,,,,,
,,,,,,,,,
,,,,,,,,,
,,,,,,,,,
,,,,,,,,,
,,,,,,,,,
,,,,,,,,,
,,,,,,,,,
,,,,,,,,,
,,,,,,,,,
,,,,,,,,,
,,,,,,,,,
,,,,,,,,,
,,,,,,,,,
,,,,,,,,,
,,,,,,,,,
,,,,,,,,,
,,,,,,,,,
,,,,,,,,,
,,,,,,,,,
,,,,,,,,,
,,,,,,,,,
,,,,,,,,,
,,,,,,,,,
,,,,,,,,,
,,,,,,,,,
,,,,,,,,,
,,,,,,,,,
,,,,,,,,,
,,,,,,,,,
,,,,,,,,,
,,,,,,,,,
,,,,,,,,,
,,,,,,,,,
,,,,,,,,,
,,,,,,,,,
,,,,,,,,,
,,,,,,,,,
,,,,,,,,,
,,,,,,,,,
,,,,,,,,,
,,,,,,,,,
,,,,,,,,,
,,,,,,,,,
,,,,,,,,,
,,,,,,,,,
,,,,,,,,,
,,,,,,,,,
,,,,,,,,,
,,,,,,,,,
,,,,,,,,,
,,,,,,,,,
,,,,,,,,,
,,,,,,,,,
,,,,,,,,,
,,,,,,,,,
,,,,,,,,,
,,,,,,,,,
,,,,,,,,,
,,,,,,,,,
,,,,,,,,,
,,,,,,,,,
,,,,,,,,,
,,,,,,,,,
,,,,,,,,,
,,,,,,,,,
,,,,,,,,,
,,,,,,,,,
,,,,,,,,,
,,,,,,,,,
,,,,,,,,,
,,,,,,,,,
,,,,,,,,,
,,,,,,,,,
,,,,,,,,,
,,,,,,,,,
,,,,,,,,,
,,,,,,,,,
,,,,,,,,,
,,,,,,,,,
,,,,,,,,,
,,,,,,,,,
,,,,,,,,,
,,,,,,,,,
,,,,,,,,,
,,,,,,,,,
,,,,,,,,,
,,,,,,,,,
,,,,,,,,,
,,,,,,,,,
,,,,,,,,,
,,,,,,,,,
,,,,,,,,,
,,,,,,,,,
,,,,,,,,,
,,,,,,,,,
,,,,,,,,,
,,,,,,,,,
,,,,,,,,,
,,,,,,,,,
,,,,,,,,,
,,,,,,,,,
,,,,,,,,,
,,,,,,,,,
,,,,,,,,,
,,,,,,,,,
,,,,,,,,,
,,,,,,,,,
,,,,,,,,,
,,,,,,,,,
,,,,,,,,,
,,,,,,,,,
,,,,,,,,,
,,,,,,,,,
,,,,,,,,,
,,,,,,,,,
,,,,,,,,,
,,,,,,,,,
,,,,,,,,,
,,,,,,,,,
,,,,,,,,,
,,,,,,,,,
,,,,,,,,,
,,,,,,,,,
,,,,,,,,,
,,,,,,,,,
,,,,,,,,,
,,,,,,,,,
,,,,,,,,,
,,,,,,,,,
,,,,,,,,,
,,,,,,,,,
,,,,,,,,,
,,,,,,,,,
,,,,,,,,,
,,,,,,,,,
,,,,,,,,,
,,,,,,,,,
,,,,,,,,,
,,,,,,,,,
,,,,,,,,,
,,,,,,,,,
,,,,,,,,,
,,,,,,,,,
,,,,,,,,,
,,,,,,,,,
,,,,,,,,,
,,,,,,,,,
,,,,,,,,,
,,,,,,,,,
,,,,,,,,,
,,,,,,,,,
,,,,,,,,,
,,,,,,,,,
,,,,,,,,,
,,,,,,,,,
,,,,,,,,,
,,,,,,,,,
,,,,,,,,,
,,,,,,,,,
,,,,,,,,,
,,,,,,,,,
,,,,,,,,,
,,,,,,,,,
,,,,,,,,,
,,,,,,,,,
,,,,,,,,,
,,,,,,,,,
,,,,,,,,,
,,,,,,,,,
,,,,,,,,,
,,,,,,,,,
,,,,,,,,,
,,,,,,,,,
,,,,,,,,,
,,,,,,,,,
,,,,,,,,,
,,,,,,,,,
,,,,,,,,,
,,,,,,,,,
,,,,,,,,,
,,,,,,,,,
,,,,,,,,,
,,,,,,,,,
,,,,,,,,,
,,,,,,,,,
,,,,,,,,,
,,,,,,,,,
,,,,,,,,,
,,,,,,,,,
,,,,,,,,,
,,,,,,,,,
,,,,,,,,,
,,,,,,,,,
,,,,,,,,,
,,,,,,,,,
,,,,,,,,,
,,,,,,,,,
,,,,,,,,,
,,,,,,,,,
,,,,,,,,,
,,,,,,,,,
,,,,,,,,,
,,,,,,,,,
,,,,,,,,,
,,,,,,,,,
,,,,,,,,,
,,,,,,,,,
,,,,,,,,,
,,,,,,,,,
,,,,,,,,,
,,,,,,,,,
,,,,,,,,,
,,,,,,,,,
,,,,,,,,,
,,,,,,,,,
,,,,,,,,,
,,,,,,,,,
,,,,,,,,,
,,,,,,,,,
,,,,,,,,,
,,,,,,,,,
,,,,,,,,,
,,,,,,,,,
,,,,,,,,,
,,,,,,,,,
,,,,,,,,,
,,,,,,,,,
,,,,,,,,,
,,,,,,,,,
,,,,,,,,,
,,,,,,,,,
,,,,,,,,,
,,,,,,,,,
,,,,,,,,,
,,,,,,,,,
,,,,,,,,,
,,,,,,,,,
,,,,,,,,,
,,,,,,,,,
,,,,,,,,,
,,,,,,,,,
,,,,,,,,,
,,,,,,,,,
,,,,,,,,,
,,,,,,,,,
,,,,,,,,,
,,,,,,,,,
,,,,,,,,,
,,,,,,,,,
,,,,,,,,,
,,,,,,,,,
,,,,,,,,,
,,,,,,,,,
,,,,,,,,,
,,,,,,,,,
,,,,,,,,,
,,,,,,,,,
,,,,,,,,,
,,,,,,,,,
,,,,,,,,,
,,,,,,,,,
,,,,,,,,,
,,,,,,,,,
,,,,,,,,,
,,,,,,,,,
,,,,,,,,,
,,,,,,,,,
,,,,,,,,,
,,,,,,,,,
,,,,,,,,,
,,,,,,,,,
,,,,,,,,,
,,,,,,,,,
,,,,,,,,,
,,,,,,,,,
,,,,,,,,,
,,,,,,,,,
,,,,,,,,,
,,,,,,,,,
,,,,,,,,,
,,,,,,,,,
,,,,,,,,,
,,,,,,,,,
,,,,,,,,,
,,,,,,,,,
,,,,,,,,,
,,,,,,,,,
,,,,,,,,,
,,,,,,,,,
,,,,,,,,,
,,,,,,,,,
,,,,,,,,,
,,,,,,,,,
,,,,,,,,,
,,,,,,,,,
,,,,,,,,,
,,,,,,,,,
,,,,,,,,,
,,,,,,,,,
,,,,,,,,,
,,,,,,,,,
,,,,,,,,,
,,,,,,,,,
,,,,,,,,,
,,,,,,,,,
,,,,,,,,,
,,,,,,,,,
,,,,,,,,,
,,,,,,,,,
,,,,,,,,,
,,,,,,,,,
,,,,,,,,,
,,,,,,,,,
,,,,,,,,,
,,,,,,,,,
,,,,,,,,,
,,,,,,,,,
,,,,,,,,,
,,,,,,,,,
,,,,,,,,,
,,,,,,,,,
,,,,,,,,,
,,,,,,,,,
,,,,,,,,,
,,,,,,,,,
,,,,,,,,,
,,,,,,,,,
,,,,,,,,,
,,,,,,,,,
,,,,,,,,,
,,,,,,,,,
,,,,,,,,,
,,,,,,,,,
,,,,,,,,,
,,,,,,,,,
,,,,,,,,,
,,,,,,,,,
,,,,,,,,,
,,,,,,,,,
,,,,,,,,,
,,,,,,,,,
,,,,,,,,,
,,,,,,,,,
,,,,,,,,,
,,,,,,,,,
,,,,,,,,,
,,,,,,,,,
,,,,,,,,,
,,,,,,,,,
,,,,,,,,,
,,,,,,,,,
,,,,,,,,,
,,,,,,,,,
,,,,,,,,,
,,,,,,,,,
,,,,,,,,,
,,,,,,,,,
,,,,,,,,,
,,,,,,,,,
,,,,,,,,,
,,,,,,,,,
,,,,,,,,,
,,,,,,,,,
,,,,,,,,,
,,,,,,,,,
,,,,,,,,,
,,,,,,,,,
,,,,,,,,,
,,,,,,,,,
,,,,,,,,,
,,,,,,,,,
,,,,,,,,,
,,,,,,,,,
,,,,,,,,,
,,,,,,,,,
,,,,,,,,,
,,,,,,,,,
,,,,,,,,,
,,,,,,,,,
,,,,,,,,,
,,,,,,,,,
,,,,,,,,,
,,,,,,,,,
,,,,,,,,,
,,,,,,,,,
,,,,,,,,,
,,,,,,,,,
,,,,,,,,,
,,,,,,,,,
,,,,,,,,,
,,,,,,,,,
,,,,,,,,,
,,,,,,,,,
,,,,,,,,,
,,,,,,,,,
,,,,,,,,,
,,,,,,,,,
,,,,,,,,,
,,,,,,,,,
,,,,,,,,,
,,,,,,,,,
,,,,,,,,,
,,,,,,,,,
,,,,,,,,,
,,,,,,,,,
,,,,,,,,,
,,,,,,,,,
,,,,,,,,,
,,,,,,,,,
,,,,,,,,,
,,,,,,,,,
,,,,,,,,,
,,,,,,,,,
,,,,,,,,,
,,,,,,,,,
,,,,,,,,,
,,,,,,,,,
,,,,,,,,,
,,,,,,,,,
,,,,,,,,,
,,,,,,,,,
,,,,,,,,,
,,,,,,,,,
,,,,,,,,,
,,,,,,,,,
,,,,,,,,,
,,,,,,,,,
,,,,,,,,,
,,,,,,,,,
,,,,,,,,,
,,,,,,,,,
,,,,,,,,,
,,,,,,,,,
,,,,,,,,,
,,,,,,,,,
,,,,,,,,,
,,,,,,,,,
,,,,,,,,,
,,,,,,,,,
,,,,,,,,,
,,,,,,,,,
,,,,,,,,,
,,,,,,,,,
,,,,,,,,,
,,,,,,,,,
,,,,,,,,,
,,,,,,,,,
,,,,,,,,,
,,,,,,,,,
,,,,,,,,,
,,,,,,,,,
,,,,,,,,,
,,,,,,,,,
,,,,,,,,,
,,,,,,,,,
,,,,,,,,,
,,,,,,,,,
,,,,,,,,,
,,,,,,,,,
,,,,,,,,,
,,,,,,,,,
,,,,,,,,,
,,,,,,,,,
,,,,,,,,,
,,,,,,,,,
,,,,,,,,,
,,,,,,,,,
,,,,,,,,,
,,,,,,,,,
,,,,,,,,,
,,,,,,,,,
,,,,,,,,,
,,,,,,,,,
,,,,,,,,,
,,,,,,,,,
,,,,,,,,,
,,,,,,,,,
,,,,,,,,,
,,,,,,,,,
,,,,,,,,,
,,,,,,,,,
,,,,,,,,,
,,,,,,,,,
,,,,,,,,,
,,,,,,,,,
,,,,,,,,,
,,,,,,,,,
,,,,,,,,,
,,,,,,,,,
,,,,,,,,,
,,,,,,,,,
,,,,,,,,,
,,,,,,,,,
,,,,,,,,,
,,,,,,,,,
,,,,,,,,,
,,,,,,,,,
,,,,,,,,,
,,,,,,,,,
,,,,,,,,,
,,,,,,,,,
,,,,,,,,,
,,,,,,,,,
,,,,,,,,,
,,,,,,,,,
,,,,,,,,,
,,,,,,,,,
,,,,,,,,,
,,,,,,,,,
,,,,,,,,,
,,,,,,,,,
,,,,,,,,,
,,,,,,,,,
,,,,,,,,,
,,,,,,,,,
,,,,,,,,,
,,,,,,,,,
,,,,,,,,,
,,,,,,,,,
,,,,,,,,,
,,,,,,,,,
,,,,,,,,,
,,,,,,,,,
,,,,,,,,,
,,,,,,,,,
,,,,,,,,,
,,,,,,,,,
,,,,,,,,,
,,,,,,,,,
,,,,,,,,,
,,,,,,,,,
,,,,,,,,,
,,,,,,,,,
,,,,,,,,,
,,,,,,,,,
,,,,,,,,,
,,,,,,,,,
,,,,,,,,,
,,,,,,,,,
,,,,,,,,,
,,,,,,,,,
,,,,,,,,,
,,,,,,,,,
,,,,,,,,,
,,,,,,,,,
,,,,,,,,,
,,,,,,,,,
,,,,,,,,,
,,,,,,,,,
,,,,,,,,,
,,,,,,,,,
,,,,,,,,,
,,,,,,,,,
,,,,,,,,,
,,,,,,,,,
,,,,,,,,,
,,,,,,,,,
,,,,,,,,,
,,,,,,,,,
,,,,,,,,,
,,,,,,,,,
,,,,,,,,,
,,,,,,,,,
,,,,,,,,,
,,,,,,,,,
,,,,,,,,,
,,,,,,,,,
,,,,,,,,,
,,,,,,,,,
,,,,,,,,,
,,,,,,,,,
,,,,,,,,,
,,,,,,,,,
,,,,,,,,,
,,,,,,,,,
,,,,,,,,,
,,,,,,,,,
,,,,,,,,,
,,,,,,,,,
,,,,,,,,,
,,,,,,,,,
,,,,,,,,,
,,,,,,,,,
,,,,,,,,,
,,,,,,,,,
,,,,,,,,,
,,,,,,,,,
,,,,,,,,,
,,,,,,,,,
,,,,,,,,,
,,,,,,,,,
,,,,,,,,,
,,,,,,,,,
,,,,,,,,,
,,,,,,,,,
,,,,,,,,,
,,,,,,,,,
,,,,,,,,,
,,,,,,,,,
,,,,,,,,,
,,,,,,,,,
,,,,,,,,,
,,,,,,,,,
,,,,,,,,,
,,,,,,,,,
,,,,,,,,,
,,,,,,,,,
,,,,,,,,,
,,,,,,,,,
,,,,,,,,,
,,,,,,,,,
,,,,,,,,,
,,,,,,,,,
,,,,,,,,,
,,,,,,,,,
,,,,,,,,,
,,,,,,,,,
,,,,,,,,,
,,,,,,,,,
,,,,,,,,,
,,,,,,,,,
,,,,,,,,,
,,,,,,,,,
,,,,,,,,,
,,,,,,,,,
,,,,,,,,,
,,,,,,,,,
,,,,,,,,,
,,,,,,,,,
,,,,,,,,,
,,,,,,,,,
,,,,,,,,,
,,,,,,,,,
,,,,,,,,,
,,,,,,,,,
,,,,,,,,,
,,,,,,,,,
,,,,,,,,,
,,,,,,,,,
,,,,,,,,,
,,,,,,,,,
,,,,,,,,,
,,,,,,,,,
,,,,,,,,,
,,,,,,,,,
,,,,,,,,,
,,,,,,,,,
,,,,,,,,,
,,,,,,,,,
,,,,,,,,,
,,,,,,,,,
,,,,,,,,,
,,,,,,,,,
,,,,,,,,,
,,,,,,,,,
,,,,,,,,,
,,,,,,,,,
,,,,,,,,,
,,,,,,,,,
,,,,,,,,,
,,,,,,,,,
,,,,,,,,,
,,,,,,,,,
,,,,,,,,,
,,,,,,,,,
,,,,,,,,,
,,,,,,,,,
,,,,,,,,,
,,,,,,,,,
,,,,,,,,,
,,,,,,,,,
,,,,,,,,,
,,,,,,,,,
,,,,,,,,,
,,,,,,,,,
,,,,,,,,,
,,,,,,,,,
,,,,,,,,,
,,,,,,,,,
,,,,,,,,,
,,,,,,,,,
,,,,,,,,,
,,,,,,,,,
,,,,,,,,,
,,,,,,,,,
,,,,,,,,,
,,,,,,,,,
,,,,,,,,,
,,,,,,,,,
,,,,,,,,,
,,,,,,,,,
,,,,,,,,,
,,,,,,,,,
,,,,,,,,,
,,,,,,,,,
,,,,,,,,,
,,,,,,,,,
,,,,,,,,,
,,,,,,,,,
,,,,,,,,,
,,,,,,,,,
,,,,,,,,,
,,,,,,,,,
,,,,,,,,,
,,,,,,,,,
,,,,,,,,,
,,,,,,,,,
,,,,,,,,,
,,,,,,,,,
,,,,,,,,,
,,,,,,,,,
,,,,,,,,,
,,,,,,,,,
,,,,,,,,,
,,,,,,,,,
,,,,,,,,,
,,,,,,,,,
,,,,,,,,,
,,,,,,,,,
,,,,,,,,,
,,,,,,,,,
,,,,,,,,,
,,,,,,,,,
,,,,,,,,,
,,,,,,,,,
,,,,,,,,,
,,,,,,,,,
,,,,,,,,,
,,,,,,,,,
,,,,,,,,,
,,,,,,,,,
,,,,,,,,,
,,,,,,,,,
,,,,,,,,,
,,,,,,,,,
,,,,,,,,,
,,,,,,,,,
,,,,,,,,,
,,,,,,,,,
,,,,,,,,,
,,,,,,,,,
,,,,,,,,,
,,,,,,,,,
,,,,,,,,,
,,,,,,,,,
,,,,,,,,,
,,,,,,,,,
,,,,,,,,,
,,,,,,,,,
,,,,,,,,,
,,,,,,,,,
,,,,,,,,,
,,,,,,,,,
,,,,,,,,,
,,,,,,,,,
,,,,,,,,,
,,,,,,,,,
,,,,,,,,,
,,,,,,,,,
,,,,,,,,,
,,,,,,,,,
,,,,,,,,,
,,,,,,,,,
,,,,,,,,,
,,,,,,,,,
,,,,,,,,,
,,,,,,,,,
,,,,,,,,,
,,,,,,,,,
,,,,,,,,,
,,,,,,,,,
,,,,,,,,,
,,,,,,,,,
,,,,,,,,,
,,,,,,,,,
,,,,,,,,,
,,,,,,,,,
,,,,,,,,,
,,,,,,,,,
,,,,,,,,,
,,,,,,,,,
,,,,,,,,,
,,,,,,,,,
,,,,,,,,,
,,,,,,,,,
,,,,,,,,,
,,,,,,,,,
,,,,,,,,,
,,,,,,,,,
,,,,,,,,,
,,,,,,,,,
,,,,,,,,,
,,,,,,,,,
,,,,,,,,,
,,,,,,,,,
,,,,,,,,,
,,,,,,,,,
,,,,,,,,,
,,,,,,,,,
,,,,,,,,,
,,,,,,,,,
,,,,,,,,,
,,,,,,,,,
,,,,,,,,,
,,,,,,,,,
,,,,,,,,,
,,,,,,,,,
,,,,,,,,,
,,,,,,,,,
,,,,,,,,,
,,,,,,,,,
,,,,,,,,,
,,,,,,,,,
,,,,,,,,,
,,,,,,,,,
,,,,,,,,,
,,,,,,,,,
,,,,,,,,,
,,,,,,,,,
,,,,,,,,,
,,,,,,,,,
,,,,,,,,,
,,,,,,,,,
,,,,,,,,,
,,,,,,,,,
,,,,,,,,,
,,,,,,,,,
,,,,,,,,,
,,,,,,,,,
,,,,,,,,,
,,,,,,,,,
,,,,,,,,,
,,,,,,,,,
,,,,,,,,,
,,,,,,,,,
,,,,,,,,,
,,,,,,,,,
,,,,,,,,,
,,,,,,,,,
,,,,,,,,,
,,,,,,,,,
,,,,,,,,,
,,,,,,,,,
